image-uri,,product-set-id,product-id,product-category,,,
gs://labeled-images1234/dataset/Adidas_Shirt/0.jpg,,hack6,Adidas_Shirt,toys,Adidas Shirt,,
gs://labeled-images1234/dataset/Adidas_Shirt/1.jpg,,hack6,Adidas_Shirt,toys,Adidas Shirt,,
gs://labeled-images1234/dataset/Adidas_Shirt/2.jpg,,hack6,Adidas_Shirt,toys,Adidas Shirt,,
gs://labeled-images1234/dataset/Adidas_Shirt/3.jpg,,hack6,Adidas_Shirt,toys,Adidas Shirt,,
gs://labeled-images1234/dataset/Adidas_Shirt/4.jpg,,hack6,Adidas_Shirt,toys,Adidas Shirt,,
gs://labeled-images1234/dataset/Adidas_Shirt/5.jpg,,hack6,Adidas_Shirt,toys,Adidas Shirt,,
gs://labeled-images1234/dataset/Adidas_Shirt/6.jpg,,hack6,Adidas_Shirt,toys,Adidas Shirt,,
gs://labeled-images1234/dataset/Adidas_Shirt/7.jpg,,hack6,Adidas_Shirt,toys,Adidas Shirt,,
gs://labeled-images1234/dataset/Adidas_Shirt/8.jpg,,hack6,Adidas_Shirt,toys,Adidas Shirt,,
gs://labeled-images1234/dataset/Adidas_Shirt/9.jpg,,hack6,Adidas_Shirt,toys,Adidas Shirt,,
gs://labeled-images1234/dataset/Adidas_Shirt/10.jpg,,hack6,Adidas_Shirt,toys,Adidas Shirt,,
gs://labeled-images1234/dataset/Adidas_Shirt/11.jpg,,hack6,Adidas_Shirt,toys,Adidas Shirt,,
gs://labeled-images1234/dataset/Adidas_Shirt/12.jpg,,hack6,Adidas_Shirt,toys,Adidas Shirt,,
gs://labeled-images1234/dataset/Adidas_Shirt/13.jpg,,hack6,Adidas_Shirt,toys,Adidas Shirt,,
gs://labeled-images1234/dataset/Adidas_Shirt/14.jpg,,hack6,Adidas_Shirt,toys,Adidas Shirt,,
gs://labeled-images1234/dataset/Adidas_Shirt/15.jpg,,hack6,Adidas_Shirt,toys,Adidas Shirt,,
gs://labeled-images1234/dataset/Adidas_Shirt/16.jpg,,hack6,Adidas_Shirt,toys,Adidas Shirt,,
gs://labeled-images1234/dataset/Adidas_Shirt/17.jpg,,hack6,Adidas_Shirt,toys,Adidas Shirt,,
gs://labeled-images1234/dataset/Adidas_Shirt/18.jpg,,hack6,Adidas_Shirt,toys,Adidas Shirt,,
gs://labeled-images1234/dataset/Adidas_Shirt/19.jpg,,hack6,Adidas_Shirt,toys,Adidas Shirt,,
gs://labeled-images1234/dataset/Adidas_Shirt/20.jpg,,hack6,Adidas_Shirt,toys,Adidas Shirt,,
gs://labeled-images1234/dataset/Adidas_Shirt/21.jpg,,hack6,Adidas_Shirt,toys,Adidas Shirt,,
gs://labeled-images1234/dataset/Adidas_Shirt/22.jpg,,hack6,Adidas_Shirt,toys,Adidas Shirt,,
gs://labeled-images1234/dataset/Adidas_Shirt/23.jpg,,hack6,Adidas_Shirt,toys,Adidas Shirt,,
gs://labeled-images1234/dataset/Adidas_Shirt/24.jpg,,hack6,Adidas_Shirt,toys,Adidas Shirt,,
gs://labeled-images1234/dataset/Adidas_Shirt/25.jpg,,hack6,Adidas_Shirt,toys,Adidas Shirt,,
gs://labeled-images1234/dataset/Adidas_Shirt/26.jpg,,hack6,Adidas_Shirt,toys,Adidas Shirt,,
gs://labeled-images1234/dataset/Adidas_Shirt/27.jpg,,hack6,Adidas_Shirt,toys,Adidas Shirt,,
gs://labeled-images1234/dataset/Adidas_Shirt/28.jpg,,hack6,Adidas_Shirt,toys,Adidas Shirt,,
gs://labeled-images1234/dataset/Adidas_Shirt/29.jpg,,hack6,Adidas_Shirt,toys,Adidas Shirt,,
gs://labeled-images1234/dataset/Adidas_Shirt/30.jpg,,hack6,Adidas_Shirt,toys,Adidas Shirt,,
gs://labeled-images1234/dataset/Adidas_Shirt/31.jpg,,hack6,Adidas_Shirt,toys,Adidas Shirt,,
gs://labeled-images1234/dataset/Adidas_Shirt/32.jpg,,hack6,Adidas_Shirt,toys,Adidas Shirt,,
gs://labeled-images1234/dataset/Adidas_Shirt/33.jpg,,hack6,Adidas_Shirt,toys,Adidas Shirt,,
gs://labeled-images1234/dataset/Adidas_Shirt/34.jpg,,hack6,Adidas_Shirt,toys,Adidas Shirt,,
gs://labeled-images1234/dataset/Adidas_Shirt/35.jpg,,hack6,Adidas_Shirt,toys,Adidas Shirt,,
gs://labeled-images1234/dataset/Adidas_Shirt/36.jpg,,hack6,Adidas_Shirt,toys,Adidas Shirt,,
gs://labeled-images1234/dataset/Adidas_Shirt/37.jpg,,hack6,Adidas_Shirt,toys,Adidas Shirt,,
gs://labeled-images1234/dataset/Adidas_Shirt/38.jpg,,hack6,Adidas_Shirt,toys,Adidas Shirt,,
gs://labeled-images1234/dataset/Adidas_Shirt/39.jpg,,hack6,Adidas_Shirt,toys,Adidas Shirt,,
gs://labeled-images1234/dataset/Adidas_Shirt/40.jpg,,hack6,Adidas_Shirt,toys,Adidas Shirt,,
gs://labeled-images1234/dataset/Adidas_Shirt/41.jpg,,hack6,Adidas_Shirt,toys,Adidas Shirt,,
gs://labeled-images1234/dataset/Adidas_Shirt/42.jpg,,hack6,Adidas_Shirt,toys,Adidas Shirt,,
gs://labeled-images1234/dataset/Adidas_Shirt/43.jpg,,hack6,Adidas_Shirt,toys,Adidas Shirt,,
gs://labeled-images1234/dataset/Adidas_Shirt/44.jpg,,hack6,Adidas_Shirt,toys,Adidas Shirt,,
gs://labeled-images1234/dataset/Adidas_Shirt/45.jpg,,hack6,Adidas_Shirt,toys,Adidas Shirt,,
gs://labeled-images1234/dataset/Adidas_Shirt/46.jpg,,hack6,Adidas_Shirt,toys,Adidas Shirt,,
gs://labeled-images1234/dataset/Adidas_Shirt/47.jpg,,hack6,Adidas_Shirt,toys,Adidas Shirt,,
gs://labeled-images1234/dataset/Adidas_Shirt/48.jpg,,hack6,Adidas_Shirt,toys,Adidas Shirt,,
gs://labeled-images1234/dataset/Adidas_Shirt/49.jpg,,hack6,Adidas_Shirt,toys,Adidas Shirt,,
gs://labeled-images1234/dataset/Adidas_Shirt/50.jpg,,hack6,Adidas_Shirt,toys,Adidas Shirt,,
gs://labeled-images1234/dataset/Adidas_Shirt/51.jpg,,hack6,Adidas_Shirt,toys,Adidas Shirt,,
gs://labeled-images1234/dataset/Adidas_Shirt/52.jpg,,hack6,Adidas_Shirt,toys,Adidas Shirt,,
gs://labeled-images1234/dataset/Adidas_Shirt/53.jpg,,hack6,Adidas_Shirt,toys,Adidas Shirt,,
gs://labeled-images1234/dataset/Adidas_Shirt/54.jpg,,hack6,Adidas_Shirt,toys,Adidas Shirt,,
gs://labeled-images1234/dataset/Adidas_Shirt/55.jpg,,hack6,Adidas_Shirt,toys,Adidas Shirt,,
gs://labeled-images1234/dataset/Adidas_Shirt/56.jpg,,hack6,Adidas_Shirt,toys,Adidas Shirt,,
gs://labeled-images1234/dataset/Adidas_Shirt/57.jpg,,hack6,Adidas_Shirt,toys,Adidas Shirt,,
gs://labeled-images1234/dataset/Adidas_Shirt/58.jpg,,hack6,Adidas_Shirt,toys,Adidas Shirt,,
gs://labeled-images1234/dataset/Adidas_Shirt/59.jpg,,hack6,Adidas_Shirt,toys,Adidas Shirt,,
gs://labeled-images1234/dataset/Adidas_Shirt/60.jpg,,hack6,Adidas_Shirt,toys,Adidas Shirt,,
gs://labeled-images1234/dataset/Adidas_Shirt/61.jpg,,hack6,Adidas_Shirt,toys,Adidas Shirt,,
gs://labeled-images1234/dataset/Adidas_Shirt/62.jpg,,hack6,Adidas_Shirt,toys,Adidas Shirt,,
gs://labeled-images1234/dataset/Adidas_Shirt/63.jpg,,hack6,Adidas_Shirt,toys,Adidas Shirt,,
gs://labeled-images1234/dataset/Adidas_Shirt/64.jpg,,hack6,Adidas_Shirt,toys,Adidas Shirt,,
gs://labeled-images1234/dataset/Adidas_Shirt/65.jpg,,hack6,Adidas_Shirt,toys,Adidas Shirt,,
gs://labeled-images1234/dataset/Adidas_Shirt/66.jpg,,hack6,Adidas_Shirt,toys,Adidas Shirt,,
gs://labeled-images1234/dataset/Adidas_Shirt/67.jpg,,hack6,Adidas_Shirt,toys,Adidas Shirt,,
gs://labeled-images1234/dataset/Adidas_Shirt/68.jpg,,hack6,Adidas_Shirt,toys,Adidas Shirt,,
gs://labeled-images1234/dataset/Adidas_Shirt/69.jpg,,hack6,Adidas_Shirt,toys,Adidas Shirt,,
gs://labeled-images1234/dataset/Adidas_Shirt/70.jpg,,hack6,Adidas_Shirt,toys,Adidas Shirt,,
gs://labeled-images1234/dataset/Adidas_Shirt/71.jpg,,hack6,Adidas_Shirt,toys,Adidas Shirt,,
gs://labeled-images1234/dataset/Adidas_Shirt/72.jpg,,hack6,Adidas_Shirt,toys,Adidas Shirt,,
gs://labeled-images1234/dataset/Adidas_Shirt/73.jpg,,hack6,Adidas_Shirt,toys,Adidas Shirt,,
gs://labeled-images1234/dataset/Adidas_Shirt/74.jpeg,,hack6,Adidas_Shirt,toys,Adidas Shirt,,
gs://labeled-images1234/dataset/Coca-Cola/0.jpg,,hack6,Coca-Cola,toys,Coca-Cola,,
gs://labeled-images1234/dataset/Coca-Cola/1.jpg,,hack6,Coca-Cola,toys,Coca-Cola,,
gs://labeled-images1234/dataset/Coca-Cola/2.jpg,,hack6,Coca-Cola,toys,Coca-Cola,,
gs://labeled-images1234/dataset/Coca-Cola/3.png,,hack6,Coca-Cola,toys,Coca-Cola,,
gs://labeled-images1234/dataset/Coca-Cola/4.jpg,,hack6,Coca-Cola,toys,Coca-Cola,,
gs://labeled-images1234/dataset/Coca-Cola/5.jpeg,,hack6,Coca-Cola,toys,Coca-Cola,,
gs://labeled-images1234/dataset/Coca-Cola/6.jpg,,hack6,Coca-Cola,toys,Coca-Cola,,
gs://labeled-images1234/dataset/Coca-Cola/7.jpg,,hack6,Coca-Cola,toys,Coca-Cola,,
gs://labeled-images1234/dataset/Coca-Cola/8.jpg,,hack6,Coca-Cola,toys,Coca-Cola,,
gs://labeled-images1234/dataset/Coca-Cola/9.jpg,,hack6,Coca-Cola,toys,Coca-Cola,,
gs://labeled-images1234/dataset/Coca-Cola/10.jpg,,hack6,Coca-Cola,toys,Coca-Cola,,
gs://labeled-images1234/dataset/Coca-Cola/11.jpg,,hack6,Coca-Cola,toys,Coca-Cola,,
gs://labeled-images1234/dataset/Coca-Cola/12.jpg,,hack6,Coca-Cola,toys,Coca-Cola,,
gs://labeled-images1234/dataset/Coca-Cola/13.jpg,,hack6,Coca-Cola,toys,Coca-Cola,,
gs://labeled-images1234/dataset/Coca-Cola/14.png,,hack6,Coca-Cola,toys,Coca-Cola,,
gs://labeled-images1234/dataset/Coca-Cola/15.jpg,,hack6,Coca-Cola,toys,Coca-Cola,,
gs://labeled-images1234/dataset/Coca-Cola/16.jpg,,hack6,Coca-Cola,toys,Coca-Cola,,
gs://labeled-images1234/dataset/Coca-Cola/17.jpg,,hack6,Coca-Cola,toys,Coca-Cola,,
gs://labeled-images1234/dataset/Coca-Cola/18.jpg,,hack6,Coca-Cola,toys,Coca-Cola,,
gs://labeled-images1234/dataset/Coca-Cola/19.png,,hack6,Coca-Cola,toys,Coca-Cola,,
gs://labeled-images1234/dataset/Coca-Cola/20.jpg,,hack6,Coca-Cola,toys,Coca-Cola,,
gs://labeled-images1234/dataset/Coca-Cola/21.jpg,,hack6,Coca-Cola,toys,Coca-Cola,,
gs://labeled-images1234/dataset/Coca-Cola/22.jpg,,hack6,Coca-Cola,toys,Coca-Cola,,
gs://labeled-images1234/dataset/Coca-Cola/23.jpg,,hack6,Coca-Cola,toys,Coca-Cola,,
gs://labeled-images1234/dataset/Coca-Cola/24.jpg,,hack6,Coca-Cola,toys,Coca-Cola,,
gs://labeled-images1234/dataset/Coca-Cola/25.jpg,,hack6,Coca-Cola,toys,Coca-Cola,,
gs://labeled-images1234/dataset/Coca-Cola/26.jpg,,hack6,Coca-Cola,toys,Coca-Cola,,
gs://labeled-images1234/dataset/Coca-Cola/27.jpg,,hack6,Coca-Cola,toys,Coca-Cola,,
gs://labeled-images1234/dataset/Coca-Cola/28.jpeg,,hack6,Coca-Cola,toys,Coca-Cola,,
gs://labeled-images1234/dataset/Coca-Cola/29.jpg,,hack6,Coca-Cola,toys,Coca-Cola,,
gs://labeled-images1234/dataset/Coca-Cola/30.jpg,,hack6,Coca-Cola,toys,Coca-Cola,,
gs://labeled-images1234/dataset/Coca-Cola/31.jpg,,hack6,Coca-Cola,toys,Coca-Cola,,
gs://labeled-images1234/dataset/Coca-Cola/32.jpg,,hack6,Coca-Cola,toys,Coca-Cola,,
gs://labeled-images1234/dataset/Coca-Cola/33.jpg,,hack6,Coca-Cola,toys,Coca-Cola,,
gs://labeled-images1234/dataset/Coca-Cola/34.jpg,,hack6,Coca-Cola,toys,Coca-Cola,,
gs://labeled-images1234/dataset/Coca-Cola/35.jpg,,hack6,Coca-Cola,toys,Coca-Cola,,
gs://labeled-images1234/dataset/Coca-Cola/36.jpg,,hack6,Coca-Cola,toys,Coca-Cola,,
gs://labeled-images1234/dataset/Coca-Cola/37.png,,hack6,Coca-Cola,toys,Coca-Cola,,
gs://labeled-images1234/dataset/Coca-Cola/38.jpg,,hack6,Coca-Cola,toys,Coca-Cola,,
gs://labeled-images1234/dataset/Coca-Cola/39.jpg,,hack6,Coca-Cola,toys,Coca-Cola,,
gs://labeled-images1234/dataset/Coca-Cola/40.jpg,,hack6,Coca-Cola,toys,Coca-Cola,,
gs://labeled-images1234/dataset/Coca-Cola/41.jpg,,hack6,Coca-Cola,toys,Coca-Cola,,
gs://labeled-images1234/dataset/Coca-Cola/42.jpg,,hack6,Coca-Cola,toys,Coca-Cola,,
gs://labeled-images1234/dataset/Coca-Cola/43.jpg,,hack6,Coca-Cola,toys,Coca-Cola,,
gs://labeled-images1234/dataset/Coca-Cola/44.jpg,,hack6,Coca-Cola,toys,Coca-Cola,,
gs://labeled-images1234/dataset/Coca-Cola/45.jpg,,hack6,Coca-Cola,toys,Coca-Cola,,
gs://labeled-images1234/dataset/Coca-Cola/46.jpg,,hack6,Coca-Cola,toys,Coca-Cola,,
gs://labeled-images1234/dataset/Coca-Cola/47.jpg,,hack6,Coca-Cola,toys,Coca-Cola,,
gs://labeled-images1234/dataset/Coca-Cola/48.jpg,,hack6,Coca-Cola,toys,Coca-Cola,,
gs://labeled-images1234/dataset/Coca-Cola/49.jpg,,hack6,Coca-Cola,toys,Coca-Cola,,
gs://labeled-images1234/dataset/Coca-Cola/50.jpg,,hack6,Coca-Cola,toys,Coca-Cola,,
gs://labeled-images1234/dataset/Coca-Cola/51.jpg,,hack6,Coca-Cola,toys,Coca-Cola,,
gs://labeled-images1234/dataset/Coca-Cola/52.jpg,,hack6,Coca-Cola,toys,Coca-Cola,,
gs://labeled-images1234/dataset/Coca-Cola/53.jpg,,hack6,Coca-Cola,toys,Coca-Cola,,
gs://labeled-images1234/dataset/Coca-Cola/54.jpg,,hack6,Coca-Cola,toys,Coca-Cola,,
gs://labeled-images1234/dataset/Coca-Cola/55.jpg,,hack6,Coca-Cola,toys,Coca-Cola,,
gs://labeled-images1234/dataset/Coca-Cola/56.jpg,,hack6,Coca-Cola,toys,Coca-Cola,,
gs://labeled-images1234/dataset/Coca-Cola/57.png,,hack6,Coca-Cola,toys,Coca-Cola,,
gs://labeled-images1234/dataset/Coca-Cola/58.jpg,,hack6,Coca-Cola,toys,Coca-Cola,,
gs://labeled-images1234/dataset/Coca-Cola/59.jpg,,hack6,Coca-Cola,toys,Coca-Cola,,
gs://labeled-images1234/dataset/Coca-Cola/60.jpg,,hack6,Coca-Cola,toys,Coca-Cola,,
gs://labeled-images1234/dataset/Coca-Cola/61.jpg,,hack6,Coca-Cola,toys,Coca-Cola,,
gs://labeled-images1234/dataset/Coca-Cola/62.jpg,,hack6,Coca-Cola,toys,Coca-Cola,,
gs://labeled-images1234/dataset/Coca-Cola/63.jpg,,hack6,Coca-Cola,toys,Coca-Cola,,
gs://labeled-images1234/dataset/Coca-Cola/64.jpg,,hack6,Coca-Cola,toys,Coca-Cola,,
gs://labeled-images1234/dataset/Coca-Cola/65.jpg,,hack6,Coca-Cola,toys,Coca-Cola,,
gs://labeled-images1234/dataset/Coca-Cola/66.jpg,,hack6,Coca-Cola,toys,Coca-Cola,,
gs://labeled-images1234/dataset/Coca-Cola/67.jpg,,hack6,Coca-Cola,toys,Coca-Cola,,
gs://labeled-images1234/dataset/Coca-Cola/68.jpg,,hack6,Coca-Cola,toys,Coca-Cola,,
gs://labeled-images1234/dataset/Coca-Cola/69.jpg,,hack6,Coca-Cola,toys,Coca-Cola,,
gs://labeled-images1234/dataset/Coca-Cola/70.jpg,,hack6,Coca-Cola,toys,Coca-Cola,,
gs://labeled-images1234/dataset/Coca-Cola/71.jpg,,hack6,Coca-Cola,toys,Coca-Cola,,
gs://labeled-images1234/dataset/Coca-Cola/72.jpg,,hack6,Coca-Cola,toys,Coca-Cola,,
gs://labeled-images1234/dataset/Coca-Cola/73.jpg,,hack6,Coca-Cola,toys,Coca-Cola,,
gs://labeled-images1234/dataset/Coca-Cola/74.jpg,,hack6,Coca-Cola,toys,Coca-Cola,,
gs://labeled-images1234/dataset/Dads_Oatmeal_Cookie/0.jpg,,hack6,Dads_Oatmeal_Cookie,toys,Dads_Oatmeal_Cookie,,
gs://labeled-images1234/dataset/Dads_Oatmeal_Cookie/1.jpg,,hack6,Dads_Oatmeal_Cookie,toys,Dads_Oatmeal_Cookie,,
gs://labeled-images1234/dataset/Dads_Oatmeal_Cookie/2.jpg,,hack6,Dads_Oatmeal_Cookie,toys,Dads_Oatmeal_Cookie,,
gs://labeled-images1234/dataset/Dads_Oatmeal_Cookie/3.jpg,,hack6,Dads_Oatmeal_Cookie,toys,Dads_Oatmeal_Cookie,,
gs://labeled-images1234/dataset/Dads_Oatmeal_Cookie/4.jpg,,hack6,Dads_Oatmeal_Cookie,toys,Dads_Oatmeal_Cookie,,
gs://labeled-images1234/dataset/Dads_Oatmeal_Cookie/5.jpg,,hack6,Dads_Oatmeal_Cookie,toys,Dads_Oatmeal_Cookie,,
gs://labeled-images1234/dataset/Dads_Oatmeal_Cookie/6.jpg,,hack6,Dads_Oatmeal_Cookie,toys,Dads_Oatmeal_Cookie,,
gs://labeled-images1234/dataset/Dads_Oatmeal_Cookie/7.jpg,,hack6,Dads_Oatmeal_Cookie,toys,Dads_Oatmeal_Cookie,,
gs://labeled-images1234/dataset/Dads_Oatmeal_Cookie/8.jpg,,hack6,Dads_Oatmeal_Cookie,toys,Dads_Oatmeal_Cookie,,
gs://labeled-images1234/dataset/Dads_Oatmeal_Cookie/9.jpg,,hack6,Dads_Oatmeal_Cookie,toys,Dads_Oatmeal_Cookie,,
gs://labeled-images1234/dataset/Dads_Oatmeal_Cookie/10.jpg,,hack6,Dads_Oatmeal_Cookie,toys,Dads_Oatmeal_Cookie,,
gs://labeled-images1234/dataset/Dads_Oatmeal_Cookie/11.jpg,,hack6,Dads_Oatmeal_Cookie,toys,Dads_Oatmeal_Cookie,,
gs://labeled-images1234/dataset/Dads_Oatmeal_Cookie/12.jpg,,hack6,Dads_Oatmeal_Cookie,toys,Dads_Oatmeal_Cookie,,
gs://labeled-images1234/dataset/Dads_Oatmeal_Cookie/13.jpeg,,hack6,Dads_Oatmeal_Cookie,toys,Dads_Oatmeal_Cookie,,
gs://labeled-images1234/dataset/Dads_Oatmeal_Cookie/14.jpg,,hack6,Dads_Oatmeal_Cookie,toys,Dads_Oatmeal_Cookie,,
gs://labeled-images1234/dataset/Dads_Oatmeal_Cookie/15.jpg,,hack6,Dads_Oatmeal_Cookie,toys,Dads_Oatmeal_Cookie,,
gs://labeled-images1234/dataset/Dads_Oatmeal_Cookie/16.jpg,,hack6,Dads_Oatmeal_Cookie,toys,Dads_Oatmeal_Cookie,,
gs://labeled-images1234/dataset/Dads_Oatmeal_Cookie/17.jpg,,hack6,Dads_Oatmeal_Cookie,toys,Dads_Oatmeal_Cookie,,
gs://labeled-images1234/dataset/Dads_Oatmeal_Cookie/18.jpg,,hack6,Dads_Oatmeal_Cookie,toys,Dads_Oatmeal_Cookie,,
gs://labeled-images1234/dataset/Dads_Oatmeal_Cookie/19.jpg,,hack6,Dads_Oatmeal_Cookie,toys,Dads_Oatmeal_Cookie,,
gs://labeled-images1234/dataset/Dads_Oatmeal_Cookie/20.png,,hack6,Dads_Oatmeal_Cookie,toys,Dads_Oatmeal_Cookie,,
gs://labeled-images1234/dataset/Dads_Oatmeal_Cookie/21.jpg,,hack6,Dads_Oatmeal_Cookie,toys,Dads_Oatmeal_Cookie,,
gs://labeled-images1234/dataset/Dads_Oatmeal_Cookie/22.jpeg,,hack6,Dads_Oatmeal_Cookie,toys,Dads_Oatmeal_Cookie,,
gs://labeled-images1234/dataset/Dads_Oatmeal_Cookie/23.jpg,,hack6,Dads_Oatmeal_Cookie,toys,Dads_Oatmeal_Cookie,,
gs://labeled-images1234/dataset/Dads_Oatmeal_Cookie/24.png,,hack6,Dads_Oatmeal_Cookie,toys,Dads_Oatmeal_Cookie,,
gs://labeled-images1234/dataset/Dads_Oatmeal_Cookie/25.jpg,,hack6,Dads_Oatmeal_Cookie,toys,Dads_Oatmeal_Cookie,,
gs://labeled-images1234/dataset/Dads_Oatmeal_Cookie/26.jpg,,hack6,Dads_Oatmeal_Cookie,toys,Dads_Oatmeal_Cookie,,
gs://labeled-images1234/dataset/Dads_Oatmeal_Cookie/27.jpg,,hack6,Dads_Oatmeal_Cookie,toys,Dads_Oatmeal_Cookie,,
gs://labeled-images1234/dataset/Dads_Oatmeal_Cookie/28.jpg,,hack6,Dads_Oatmeal_Cookie,toys,Dads_Oatmeal_Cookie,,
gs://labeled-images1234/dataset/Dads_Oatmeal_Cookie/29.jpg,,hack6,Dads_Oatmeal_Cookie,toys,Dads_Oatmeal_Cookie,,
gs://labeled-images1234/dataset/Dads_Oatmeal_Cookie/30.jpg,,hack6,Dads_Oatmeal_Cookie,toys,Dads_Oatmeal_Cookie,,
gs://labeled-images1234/dataset/Dads_Oatmeal_Cookie/31.png,,hack6,Dads_Oatmeal_Cookie,toys,Dads_Oatmeal_Cookie,,
gs://labeled-images1234/dataset/Dads_Oatmeal_Cookie/32.jpg,,hack6,Dads_Oatmeal_Cookie,toys,Dads_Oatmeal_Cookie,,
gs://labeled-images1234/dataset/Dads_Oatmeal_Cookie/33.jpeg,,hack6,Dads_Oatmeal_Cookie,toys,Dads_Oatmeal_Cookie,,
gs://labeled-images1234/dataset/Dads_Oatmeal_Cookie/34.jpg,,hack6,Dads_Oatmeal_Cookie,toys,Dads_Oatmeal_Cookie,,
gs://labeled-images1234/dataset/Dads_Oatmeal_Cookie/35.jpg,,hack6,Dads_Oatmeal_Cookie,toys,Dads_Oatmeal_Cookie,,
gs://labeled-images1234/dataset/Dads_Oatmeal_Cookie/36.jpg,,hack6,Dads_Oatmeal_Cookie,toys,Dads_Oatmeal_Cookie,,
gs://labeled-images1234/dataset/Dads_Oatmeal_Cookie/37.jpg,,hack6,Dads_Oatmeal_Cookie,toys,Dads_Oatmeal_Cookie,,
gs://labeled-images1234/dataset/Dads_Oatmeal_Cookie/38.jpg,,hack6,Dads_Oatmeal_Cookie,toys,Dads_Oatmeal_Cookie,,
gs://labeled-images1234/dataset/Dads_Oatmeal_Cookie/39.jpg,,hack6,Dads_Oatmeal_Cookie,toys,Dads_Oatmeal_Cookie,,
gs://labeled-images1234/dataset/Dads_Oatmeal_Cookie/40.jpg,,hack6,Dads_Oatmeal_Cookie,toys,Dads_Oatmeal_Cookie,,
gs://labeled-images1234/dataset/Dads_Oatmeal_Cookie/41.jpg,,hack6,Dads_Oatmeal_Cookie,toys,Dads_Oatmeal_Cookie,,
gs://labeled-images1234/dataset/Dads_Oatmeal_Cookie/42.jpg,,hack6,Dads_Oatmeal_Cookie,toys,Dads_Oatmeal_Cookie,,
gs://labeled-images1234/dataset/Dads_Oatmeal_Cookie/43.jpg,,hack6,Dads_Oatmeal_Cookie,toys,Dads_Oatmeal_Cookie,,
gs://labeled-images1234/dataset/Dads_Oatmeal_Cookie/44.jpg,,hack6,Dads_Oatmeal_Cookie,toys,Dads_Oatmeal_Cookie,,
gs://labeled-images1234/dataset/Dads_Oatmeal_Cookie/45.jpg,,hack6,Dads_Oatmeal_Cookie,toys,Dads_Oatmeal_Cookie,,
gs://labeled-images1234/dataset/Dads_Oatmeal_Cookie/46.jpg,,hack6,Dads_Oatmeal_Cookie,toys,Dads_Oatmeal_Cookie,,
gs://labeled-images1234/dataset/Dads_Oatmeal_Cookie/47.jpeg,,hack6,Dads_Oatmeal_Cookie,toys,Dads_Oatmeal_Cookie,,
gs://labeled-images1234/dataset/Dads_Oatmeal_Cookie/48.jpg,,hack6,Dads_Oatmeal_Cookie,toys,Dads_Oatmeal_Cookie,,
gs://labeled-images1234/dataset/Dads_Oatmeal_Cookie/49.jpg,,hack6,Dads_Oatmeal_Cookie,toys,Dads_Oatmeal_Cookie,,
gs://labeled-images1234/dataset/Dads_Oatmeal_Cookie/50.jpg,,hack6,Dads_Oatmeal_Cookie,toys,Dads_Oatmeal_Cookie,,
gs://labeled-images1234/dataset/Dads_Oatmeal_Cookie/51.jpg,,hack6,Dads_Oatmeal_Cookie,toys,Dads_Oatmeal_Cookie,,
gs://labeled-images1234/dataset/Dads_Oatmeal_Cookie/52.jpg,,hack6,Dads_Oatmeal_Cookie,toys,Dads_Oatmeal_Cookie,,
gs://labeled-images1234/dataset/Dads_Oatmeal_Cookie/53.jpg,,hack6,Dads_Oatmeal_Cookie,toys,Dads_Oatmeal_Cookie,,
gs://labeled-images1234/dataset/Dads_Oatmeal_Cookie/54.jpg,,hack6,Dads_Oatmeal_Cookie,toys,Dads_Oatmeal_Cookie,,
gs://labeled-images1234/dataset/Dads_Oatmeal_Cookie/55.jpg,,hack6,Dads_Oatmeal_Cookie,toys,Dads_Oatmeal_Cookie,,
gs://labeled-images1234/dataset/Dads_Oatmeal_Cookie/56.jpg,,hack6,Dads_Oatmeal_Cookie,toys,Dads_Oatmeal_Cookie,,
gs://labeled-images1234/dataset/Dads_Oatmeal_Cookie/57.jpg,,hack6,Dads_Oatmeal_Cookie,toys,Dads_Oatmeal_Cookie,,
gs://labeled-images1234/dataset/Dads_Oatmeal_Cookie/58.jpg,,hack6,Dads_Oatmeal_Cookie,toys,Dads_Oatmeal_Cookie,,
gs://labeled-images1234/dataset/Dads_Oatmeal_Cookie/59.jpg,,hack6,Dads_Oatmeal_Cookie,toys,Dads_Oatmeal_Cookie,,
gs://labeled-images1234/dataset/Dads_Oatmeal_Cookie/60.jpg,,hack6,Dads_Oatmeal_Cookie,toys,Dads_Oatmeal_Cookie,,
gs://labeled-images1234/dataset/Dads_Oatmeal_Cookie/61.jpg,,hack6,Dads_Oatmeal_Cookie,toys,Dads_Oatmeal_Cookie,,
gs://labeled-images1234/dataset/Dads_Oatmeal_Cookie/62.jpg,,hack6,Dads_Oatmeal_Cookie,toys,Dads_Oatmeal_Cookie,,
gs://labeled-images1234/dataset/Dads_Oatmeal_Cookie/63.jpg,,hack6,Dads_Oatmeal_Cookie,toys,Dads_Oatmeal_Cookie,,
gs://labeled-images1234/dataset/Dads_Oatmeal_Cookie/64.jpg,,hack6,Dads_Oatmeal_Cookie,toys,Dads_Oatmeal_Cookie,,
gs://labeled-images1234/dataset/Dads_Oatmeal_Cookie/65.jpg,,hack6,Dads_Oatmeal_Cookie,toys,Dads_Oatmeal_Cookie,,
gs://labeled-images1234/dataset/Dads_Oatmeal_Cookie/66.jpg,,hack6,Dads_Oatmeal_Cookie,toys,Dads_Oatmeal_Cookie,,
gs://labeled-images1234/dataset/Dads_Oatmeal_Cookie/67.jpg,,hack6,Dads_Oatmeal_Cookie,toys,Dads_Oatmeal_Cookie,,
gs://labeled-images1234/dataset/Dads_Oatmeal_Cookie/68.jpg,,hack6,Dads_Oatmeal_Cookie,toys,Dads_Oatmeal_Cookie,,
gs://labeled-images1234/dataset/Dads_Oatmeal_Cookie/69.jpg,,hack6,Dads_Oatmeal_Cookie,toys,Dads_Oatmeal_Cookie,,
gs://labeled-images1234/dataset/Dads_Oatmeal_Cookie/70.jpg,,hack6,Dads_Oatmeal_Cookie,toys,Dads_Oatmeal_Cookie,,
gs://labeled-images1234/dataset/Dads_Oatmeal_Cookie/71.jpg,,hack6,Dads_Oatmeal_Cookie,toys,Dads_Oatmeal_Cookie,,
gs://labeled-images1234/dataset/Dads_Oatmeal_Cookie/72.jpg,,hack6,Dads_Oatmeal_Cookie,toys,Dads_Oatmeal_Cookie,,
gs://labeled-images1234/dataset/Dads_Oatmeal_Cookie/73.jpg,,hack6,Dads_Oatmeal_Cookie,toys,Dads_Oatmeal_Cookie,,
gs://labeled-images1234/dataset/Dads_Oatmeal_Cookie/74.jpg,,hack6,Dads_Oatmeal_Cookie,toys,Dads_Oatmeal_Cookie,,
gs://labeled-images1234/dataset/Iphone_6/0.jpeg,,hack6,Iphone_6,toys,Iphone_6,,
gs://labeled-images1234/dataset/Iphone_6/1.jpg,,hack6,Iphone_6,toys,Iphone_6,,
gs://labeled-images1234/dataset/Iphone_6/2.jpg,,hack6,Iphone_6,toys,Iphone_6,,
gs://labeled-images1234/dataset/Iphone_6/3.jpg,,hack6,Iphone_6,toys,Iphone_6,,
gs://labeled-images1234/dataset/Iphone_6/4.jpeg,,hack6,Iphone_6,toys,Iphone_6,,
gs://labeled-images1234/dataset/Iphone_6/5.jpg,,hack6,Iphone_6,toys,Iphone_6,,
gs://labeled-images1234/dataset/Iphone_6/6.jpg,,hack6,Iphone_6,toys,Iphone_6,,
gs://labeled-images1234/dataset/Iphone_6/7.jpg,,hack6,Iphone_6,toys,Iphone_6,,
gs://labeled-images1234/dataset/Iphone_6/8.jpg,,hack6,Iphone_6,toys,Iphone_6,,
gs://labeled-images1234/dataset/Iphone_6/9.jpg,,hack6,Iphone_6,toys,Iphone_6,,
gs://labeled-images1234/dataset/Iphone_6/10.jpg,,hack6,Iphone_6,toys,Iphone_6,,
gs://labeled-images1234/dataset/Iphone_6/11.png,,hack6,Iphone_6,toys,Iphone_6,,
gs://labeled-images1234/dataset/Iphone_6/12.png,,hack6,Iphone_6,toys,Iphone_6,,
gs://labeled-images1234/dataset/Iphone_6/13.jpg,,hack6,Iphone_6,toys,Iphone_6,,
gs://labeled-images1234/dataset/Iphone_6/14.jpeg,,hack6,Iphone_6,toys,Iphone_6,,
gs://labeled-images1234/dataset/Iphone_6/15.jpg,,hack6,Iphone_6,toys,Iphone_6,,
gs://labeled-images1234/dataset/Iphone_6/16.jpg,,hack6,Iphone_6,toys,Iphone_6,,
gs://labeled-images1234/dataset/Iphone_6/17.jpg,,hack6,Iphone_6,toys,Iphone_6,,
gs://labeled-images1234/dataset/Iphone_6/18.jpeg,,hack6,Iphone_6,toys,Iphone_6,,
gs://labeled-images1234/dataset/Iphone_6/19.jpg,,hack6,Iphone_6,toys,Iphone_6,,
gs://labeled-images1234/dataset/Iphone_6/20.jpg,,hack6,Iphone_6,toys,Iphone_6,,
gs://labeled-images1234/dataset/Iphone_6/21.jpeg,,hack6,Iphone_6,toys,Iphone_6,,
gs://labeled-images1234/dataset/Iphone_6/22.jpg,,hack6,Iphone_6,toys,Iphone_6,,
gs://labeled-images1234/dataset/Iphone_6/23.jpg,,hack6,Iphone_6,toys,Iphone_6,,
gs://labeled-images1234/dataset/Iphone_6/24.jpg,,hack6,Iphone_6,toys,Iphone_6,,
gs://labeled-images1234/dataset/Iphone_6/25.jpg,,hack6,Iphone_6,toys,Iphone_6,,
gs://labeled-images1234/dataset/Iphone_6/26.jpg,,hack6,Iphone_6,toys,Iphone_6,,
gs://labeled-images1234/dataset/Iphone_6/27.jpg,,hack6,Iphone_6,toys,Iphone_6,,
gs://labeled-images1234/dataset/Iphone_6/28.jpg,,hack6,Iphone_6,toys,Iphone_6,,
gs://labeled-images1234/dataset/Iphone_6/29.jpg,,hack6,Iphone_6,toys,Iphone_6,,
gs://labeled-images1234/dataset/Iphone_6/30.jpg,,hack6,Iphone_6,toys,Iphone_6,,
gs://labeled-images1234/dataset/Iphone_6/31.jpg,,hack6,Iphone_6,toys,Iphone_6,,
gs://labeled-images1234/dataset/Iphone_6/32.jpg,,hack6,Iphone_6,toys,Iphone_6,,
gs://labeled-images1234/dataset/Iphone_6/33.jpg,,hack6,Iphone_6,toys,Iphone_6,,
gs://labeled-images1234/dataset/Iphone_6/34.jpg,,hack6,Iphone_6,toys,Iphone_6,,
gs://labeled-images1234/dataset/Iphone_6/35.jpg,,hack6,Iphone_6,toys,Iphone_6,,
gs://labeled-images1234/dataset/Iphone_6/36.jpg,,hack6,Iphone_6,toys,Iphone_6,,
gs://labeled-images1234/dataset/Iphone_6/37.jpg,,hack6,Iphone_6,toys,Iphone_6,,
gs://labeled-images1234/dataset/Iphone_6/38.jpg,,hack6,Iphone_6,toys,Iphone_6,,
gs://labeled-images1234/dataset/Iphone_6/39.jpg,,hack6,Iphone_6,toys,Iphone_6,,
gs://labeled-images1234/dataset/Iphone_6/40.jpeg,,hack6,Iphone_6,toys,Iphone_6,,
gs://labeled-images1234/dataset/Iphone_6/41.jpg,,hack6,Iphone_6,toys,Iphone_6,,
gs://labeled-images1234/dataset/Iphone_6/42.jpg,,hack6,Iphone_6,toys,Iphone_6,,
gs://labeled-images1234/dataset/Iphone_6/43.jpg,,hack6,Iphone_6,toys,Iphone_6,,
gs://labeled-images1234/dataset/Iphone_6/44.jpg,,hack6,Iphone_6,toys,Iphone_6,,
gs://labeled-images1234/dataset/Iphone_6/45.jpg,,hack6,Iphone_6,toys,Iphone_6,,
gs://labeled-images1234/dataset/Iphone_6/46.jpg,,hack6,Iphone_6,toys,Iphone_6,,
gs://labeled-images1234/dataset/Iphone_6/47.jpg,,hack6,Iphone_6,toys,Iphone_6,,
gs://labeled-images1234/dataset/Iphone_6/48.png,,hack6,Iphone_6,toys,Iphone_6,,
gs://labeled-images1234/dataset/Iphone_6/49.jpg,,hack6,Iphone_6,toys,Iphone_6,,
gs://labeled-images1234/dataset/Iphone_6/50.jpg,,hack6,Iphone_6,toys,Iphone_6,,
gs://labeled-images1234/dataset/Iphone_6/51.jpeg,,hack6,Iphone_6,toys,Iphone_6,,
gs://labeled-images1234/dataset/Iphone_6/52.jpg,,hack6,Iphone_6,toys,Iphone_6,,
gs://labeled-images1234/dataset/Iphone_6/53.jpg,,hack6,Iphone_6,toys,Iphone_6,,
gs://labeled-images1234/dataset/Iphone_6/54.jpg,,hack6,Iphone_6,toys,Iphone_6,,
gs://labeled-images1234/dataset/Iphone_6/55.jpg,,hack6,Iphone_6,toys,Iphone_6,,
gs://labeled-images1234/dataset/Iphone_6/56.jpg,,hack6,Iphone_6,toys,Iphone_6,,
gs://labeled-images1234/dataset/Iphone_6/57.jpg,,hack6,Iphone_6,toys,Iphone_6,,
gs://labeled-images1234/dataset/Iphone_6/58.jpg,,hack6,Iphone_6,toys,Iphone_6,,
gs://labeled-images1234/dataset/Iphone_6/59.jpg,,hack6,Iphone_6,toys,Iphone_6,,
gs://labeled-images1234/dataset/Iphone_6/60.png,,hack6,Iphone_6,toys,Iphone_6,,
gs://labeled-images1234/dataset/Iphone_6/61.jpg,,hack6,Iphone_6,toys,Iphone_6,,
gs://labeled-images1234/dataset/Iphone_6/62.jpg,,hack6,Iphone_6,toys,Iphone_6,,
gs://labeled-images1234/dataset/Iphone_6/63.jpg,,hack6,Iphone_6,toys,Iphone_6,,
gs://labeled-images1234/dataset/Iphone_6/64.jpg,,hack6,Iphone_6,toys,Iphone_6,,
gs://labeled-images1234/dataset/Iphone_6/65.png,,hack6,Iphone_6,toys,Iphone_6,,
gs://labeled-images1234/dataset/Iphone_6/66.jpg,,hack6,Iphone_6,toys,Iphone_6,,
gs://labeled-images1234/dataset/Iphone_6/67.jpg,,hack6,Iphone_6,toys,Iphone_6,,
gs://labeled-images1234/dataset/Iphone_6/68.jpg,,hack6,Iphone_6,toys,Iphone_6,,
gs://labeled-images1234/dataset/Iphone_6/69.jpg,,hack6,Iphone_6,toys,Iphone_6,,
gs://labeled-images1234/dataset/Iphone_6/70.jpg,,hack6,Iphone_6,toys,Iphone_6,,
gs://labeled-images1234/dataset/Iphone_6/71.jpg,,hack6,Iphone_6,toys,Iphone_6,,
gs://labeled-images1234/dataset/Iphone_6/72.jpg,,hack6,Iphone_6,toys,Iphone_6,,
gs://labeled-images1234/dataset/Iphone_6/73.jpg,,hack6,Iphone_6,toys,Iphone_6,,
gs://labeled-images1234/dataset/Iphone_6/74.jpg,,hack6,Iphone_6,toys,Iphone_6,,
gs://labeled-images1234/dataset/laptop/0.jpg,,hack6,laptop,toys,laptop,,
gs://labeled-images1234/dataset/laptop/1.jpg,,hack6,laptop,toys,laptop,,
gs://labeled-images1234/dataset/laptop/2.png,,hack6,laptop,toys,laptop,,
gs://labeled-images1234/dataset/laptop/3.jpg,,hack6,laptop,toys,laptop,,
gs://labeled-images1234/dataset/laptop/4.jpg,,hack6,laptop,toys,laptop,,
gs://labeled-images1234/dataset/laptop/5.jpg,,hack6,laptop,toys,laptop,,
gs://labeled-images1234/dataset/laptop/6.jpg,,hack6,laptop,toys,laptop,,
gs://labeled-images1234/dataset/laptop/7.jpg,,hack6,laptop,toys,laptop,,
gs://labeled-images1234/dataset/laptop/8.jpg,,hack6,laptop,toys,laptop,,
gs://labeled-images1234/dataset/laptop/9.jpg,,hack6,laptop,toys,laptop,,
gs://labeled-images1234/dataset/laptop/10.jpeg,,hack6,laptop,toys,laptop,,
gs://labeled-images1234/dataset/laptop/11.jpg,,hack6,laptop,toys,laptop,,
gs://labeled-images1234/dataset/laptop/12.jpg,,hack6,laptop,toys,laptop,,
gs://labeled-images1234/dataset/laptop/13.jpeg,,hack6,laptop,toys,laptop,,
gs://labeled-images1234/dataset/laptop/14.jpg,,hack6,laptop,toys,laptop,,
gs://labeled-images1234/dataset/laptop/15.jpg,,hack6,laptop,toys,laptop,,
gs://labeled-images1234/dataset/laptop/16.png,,hack6,laptop,toys,laptop,,
gs://labeled-images1234/dataset/laptop/17.jpg,,hack6,laptop,toys,laptop,,
gs://labeled-images1234/dataset/laptop/18.jpg,,hack6,laptop,toys,laptop,,
gs://labeled-images1234/dataset/laptop/19.png,,hack6,laptop,toys,laptop,,
gs://labeled-images1234/dataset/laptop/20.jpg,,hack6,laptop,toys,laptop,,
gs://labeled-images1234/dataset/laptop/21.jpg,,hack6,laptop,toys,laptop,,
gs://labeled-images1234/dataset/laptop/22.jpg,,hack6,laptop,toys,laptop,,
gs://labeled-images1234/dataset/laptop/23.jpg,,hack6,laptop,toys,laptop,,
gs://labeled-images1234/dataset/laptop/24.jpg,,hack6,laptop,toys,laptop,,
gs://labeled-images1234/dataset/laptop/25.jpeg,,hack6,laptop,toys,laptop,,
gs://labeled-images1234/dataset/laptop/26.jpg,,hack6,laptop,toys,laptop,,
gs://labeled-images1234/dataset/laptop/27.jpg,,hack6,laptop,toys,laptop,,
gs://labeled-images1234/dataset/laptop/28.jpg,,hack6,laptop,toys,laptop,,
gs://labeled-images1234/dataset/laptop/29.jpg,,hack6,laptop,toys,laptop,,
gs://labeled-images1234/dataset/laptop/30.jpg,,hack6,laptop,toys,laptop,,
gs://labeled-images1234/dataset/laptop/31.jpg,,hack6,laptop,toys,laptop,,
gs://labeled-images1234/dataset/laptop/32.jpg,,hack6,laptop,toys,laptop,,
gs://labeled-images1234/dataset/laptop/33.jpg,,hack6,laptop,toys,laptop,,
gs://labeled-images1234/dataset/laptop/34.jpg,,hack6,laptop,toys,laptop,,
gs://labeled-images1234/dataset/laptop/35.jpg,,hack6,laptop,toys,laptop,,
gs://labeled-images1234/dataset/laptop/36.jpg,,hack6,laptop,toys,laptop,,
gs://labeled-images1234/dataset/laptop/37.jpg,,hack6,laptop,toys,laptop,,
gs://labeled-images1234/dataset/laptop/38.jpg,,hack6,laptop,toys,laptop,,
gs://labeled-images1234/dataset/laptop/39.jpg,,hack6,laptop,toys,laptop,,
gs://labeled-images1234/dataset/laptop/40.png,,hack6,laptop,toys,laptop,,
gs://labeled-images1234/dataset/laptop/41.jpeg,,hack6,laptop,toys,laptop,,
gs://labeled-images1234/dataset/laptop/42.jpg,,hack6,laptop,toys,laptop,,
gs://labeled-images1234/dataset/laptop/43.jpg,,hack6,laptop,toys,laptop,,
gs://labeled-images1234/dataset/laptop/44.jpg,,hack6,laptop,toys,laptop,,
gs://labeled-images1234/dataset/laptop/45.png,,hack6,laptop,toys,laptop,,
gs://labeled-images1234/dataset/laptop/46.jpg,,hack6,laptop,toys,laptop,,
gs://labeled-images1234/dataset/laptop/47.jpg,,hack6,laptop,toys,laptop,,
gs://labeled-images1234/dataset/laptop/48.png,,hack6,laptop,toys,laptop,,
gs://labeled-images1234/dataset/laptop/49.jpg,,hack6,laptop,toys,laptop,,
gs://labeled-images1234/dataset/laptop/50.png,,hack6,laptop,toys,laptop,,
gs://labeled-images1234/dataset/laptop/51.jpg,,hack6,laptop,toys,laptop,,
gs://labeled-images1234/dataset/laptop/52.jpg,,hack6,laptop,toys,laptop,,
gs://labeled-images1234/dataset/laptop/53.jpg,,hack6,laptop,toys,laptop,,
gs://labeled-images1234/dataset/laptop/54.jpg,,hack6,laptop,toys,laptop,,
gs://labeled-images1234/dataset/laptop/55.jpg,,hack6,laptop,toys,laptop,,
gs://labeled-images1234/dataset/laptop/56.jpg,,hack6,laptop,toys,laptop,,
gs://labeled-images1234/dataset/laptop/57.jpg,,hack6,laptop,toys,laptop,,
gs://labeled-images1234/dataset/laptop/58.jpg,,hack6,laptop,toys,laptop,,
gs://labeled-images1234/dataset/laptop/59.jpg,,hack6,laptop,toys,laptop,,
gs://labeled-images1234/dataset/laptop/60.jpg,,hack6,laptop,toys,laptop,,
gs://labeled-images1234/dataset/laptop/61.jpg,,hack6,laptop,toys,laptop,,
gs://labeled-images1234/dataset/laptop/62.jpg,,hack6,laptop,toys,laptop,,
gs://labeled-images1234/dataset/laptop/63.jpg,,hack6,laptop,toys,laptop,,
gs://labeled-images1234/dataset/laptop/64.jpg,,hack6,laptop,toys,laptop,,
gs://labeled-images1234/dataset/laptop/65.jpg,,hack6,laptop,toys,laptop,,
gs://labeled-images1234/dataset/laptop/66.jpg,,hack6,laptop,toys,laptop,,
gs://labeled-images1234/dataset/laptop/67.jpg,,hack6,laptop,toys,laptop,,
gs://labeled-images1234/dataset/laptop/68.jpg,,hack6,laptop,toys,laptop,,
gs://labeled-images1234/dataset/laptop/69.jpg,,hack6,laptop,toys,laptop,,
gs://labeled-images1234/dataset/laptop/70.jpg,,hack6,laptop,toys,laptop,,
gs://labeled-images1234/dataset/laptop/71.jpg,,hack6,laptop,toys,laptop,,
gs://labeled-images1234/dataset/laptop/72.jpg,,hack6,laptop,toys,laptop,,
gs://labeled-images1234/dataset/laptop/73.jpg,,hack6,laptop,toys,laptop,,
gs://labeled-images1234/dataset/laptop/74.jpg,,hack6,laptop,toys,laptop,,
gs://labeled-images1234/dataset/lays_chips/0.jpg,,hack6,lays_chips,toys,lays_chips,,
gs://labeled-images1234/dataset/lays_chips/1.jpg,,hack6,lays_chips,toys,lays_chips,,
gs://labeled-images1234/dataset/lays_chips/2.jpg,,hack6,lays_chips,toys,lays_chips,,
gs://labeled-images1234/dataset/lays_chips/3.png,,hack6,lays_chips,toys,lays_chips,,
gs://labeled-images1234/dataset/lays_chips/4.jpg,,hack6,lays_chips,toys,lays_chips,,
gs://labeled-images1234/dataset/lays_chips/5.jpg,,hack6,lays_chips,toys,lays_chips,,
gs://labeled-images1234/dataset/lays_chips/6.jpg,,hack6,lays_chips,toys,lays_chips,,
gs://labeled-images1234/dataset/lays_chips/7.jpg,,hack6,lays_chips,toys,lays_chips,,
gs://labeled-images1234/dataset/lays_chips/8.jpg,,hack6,lays_chips,toys,lays_chips,,
gs://labeled-images1234/dataset/lays_chips/9.png,,hack6,lays_chips,toys,lays_chips,,
gs://labeled-images1234/dataset/lays_chips/10.jpg,,hack6,lays_chips,toys,lays_chips,,
gs://labeled-images1234/dataset/lays_chips/11.jpg,,hack6,lays_chips,toys,lays_chips,,
gs://labeled-images1234/dataset/lays_chips/12.png,,hack6,lays_chips,toys,lays_chips,,
gs://labeled-images1234/dataset/lays_chips/13.jpg,,hack6,lays_chips,toys,lays_chips,,
gs://labeled-images1234/dataset/lays_chips/14.jpg,,hack6,lays_chips,toys,lays_chips,,
gs://labeled-images1234/dataset/lays_chips/15.png,,hack6,lays_chips,toys,lays_chips,,
gs://labeled-images1234/dataset/lays_chips/16.jpg,,hack6,lays_chips,toys,lays_chips,,
gs://labeled-images1234/dataset/lays_chips/17.jpg,,hack6,lays_chips,toys,lays_chips,,
gs://labeled-images1234/dataset/lays_chips/18.jpg,,hack6,lays_chips,toys,lays_chips,,
gs://labeled-images1234/dataset/lays_chips/19.jpg,,hack6,lays_chips,toys,lays_chips,,
gs://labeled-images1234/dataset/lays_chips/20.jpg,,hack6,lays_chips,toys,lays_chips,,
gs://labeled-images1234/dataset/lays_chips/21.jpg,,hack6,lays_chips,toys,lays_chips,,
gs://labeled-images1234/dataset/lays_chips/22.png,,hack6,lays_chips,toys,lays_chips,,
gs://labeled-images1234/dataset/lays_chips/23.jpg,,hack6,lays_chips,toys,lays_chips,,
gs://labeled-images1234/dataset/lays_chips/24.jpg,,hack6,lays_chips,toys,lays_chips,,
gs://labeled-images1234/dataset/lays_chips/25.jpg,,hack6,lays_chips,toys,lays_chips,,
gs://labeled-images1234/dataset/lays_chips/26.jpg,,hack6,lays_chips,toys,lays_chips,,
gs://labeled-images1234/dataset/lays_chips/27.jpg,,hack6,lays_chips,toys,lays_chips,,
gs://labeled-images1234/dataset/lays_chips/28.jpg,,hack6,lays_chips,toys,lays_chips,,
gs://labeled-images1234/dataset/lays_chips/29.jpg,,hack6,lays_chips,toys,lays_chips,,
gs://labeled-images1234/dataset/lays_chips/30.jpg,,hack6,lays_chips,toys,lays_chips,,
gs://labeled-images1234/dataset/lays_chips/31.png,,hack6,lays_chips,toys,lays_chips,,
gs://labeled-images1234/dataset/lays_chips/32.jpg,,hack6,lays_chips,toys,lays_chips,,
gs://labeled-images1234/dataset/lays_chips/33.jpg,,hack6,lays_chips,toys,lays_chips,,
gs://labeled-images1234/dataset/lays_chips/34.png,,hack6,lays_chips,toys,lays_chips,,
gs://labeled-images1234/dataset/lays_chips/35.jpg,,hack6,lays_chips,toys,lays_chips,,
gs://labeled-images1234/dataset/lays_chips/36.jpg,,hack6,lays_chips,toys,lays_chips,,
gs://labeled-images1234/dataset/lays_chips/37.png,,hack6,lays_chips,toys,lays_chips,,
gs://labeled-images1234/dataset/lays_chips/38.png,,hack6,lays_chips,toys,lays_chips,,
gs://labeled-images1234/dataset/lays_chips/39.jpg,,hack6,lays_chips,toys,lays_chips,,
gs://labeled-images1234/dataset/lays_chips/40.gif,,hack6,lays_chips,toys,lays_chips,,
gs://labeled-images1234/dataset/lays_chips/41.jpg,,hack6,lays_chips,toys,lays_chips,,
gs://labeled-images1234/dataset/lays_chips/42.jpg,,hack6,lays_chips,toys,lays_chips,,
gs://labeled-images1234/dataset/lays_chips/43.png,,hack6,lays_chips,toys,lays_chips,,
gs://labeled-images1234/dataset/lays_chips/44.jpeg,,hack6,lays_chips,toys,lays_chips,,
gs://labeled-images1234/dataset/lays_chips/45.jpg,,hack6,lays_chips,toys,lays_chips,,
gs://labeled-images1234/dataset/lays_chips/46.jpg,,hack6,lays_chips,toys,lays_chips,,
gs://labeled-images1234/dataset/lays_chips/47.jpg,,hack6,lays_chips,toys,lays_chips,,
gs://labeled-images1234/dataset/lays_chips/48.png,,hack6,lays_chips,toys,lays_chips,,
gs://labeled-images1234/dataset/lays_chips/49.jpg,,hack6,lays_chips,toys,lays_chips,,
gs://labeled-images1234/dataset/lays_chips/50.jpg,,hack6,lays_chips,toys,lays_chips,,
gs://labeled-images1234/dataset/lays_chips/51.png,,hack6,lays_chips,toys,lays_chips,,
gs://labeled-images1234/dataset/lays_chips/52.jpg,,hack6,lays_chips,toys,lays_chips,,
gs://labeled-images1234/dataset/lays_chips/53.jpeg,,hack6,lays_chips,toys,lays_chips,,
gs://labeled-images1234/dataset/lays_chips/54.jpg,,hack6,lays_chips,toys,lays_chips,,
gs://labeled-images1234/dataset/lays_chips/55.png,,hack6,lays_chips,toys,lays_chips,,
gs://labeled-images1234/dataset/lays_chips/56.jpg,,hack6,lays_chips,toys,lays_chips,,
gs://labeled-images1234/dataset/lays_chips/57.jpg,,hack6,lays_chips,toys,lays_chips,,
gs://labeled-images1234/dataset/lays_chips/58.jpg,,hack6,lays_chips,toys,lays_chips,,
gs://labeled-images1234/dataset/lays_chips/59.jpg,,hack6,lays_chips,toys,lays_chips,,
gs://labeled-images1234/dataset/lays_chips/60.jpg,,hack6,lays_chips,toys,lays_chips,,
gs://labeled-images1234/dataset/lays_chips/61.jpg,,hack6,lays_chips,toys,lays_chips,,
gs://labeled-images1234/dataset/lays_chips/62.png,,hack6,lays_chips,toys,lays_chips,,
gs://labeled-images1234/dataset/lays_chips/63.jpg,,hack6,lays_chips,toys,lays_chips,,
gs://labeled-images1234/dataset/lays_chips/64.jpg,,hack6,lays_chips,toys,lays_chips,,
gs://labeled-images1234/dataset/lays_chips/65.jpg,,hack6,lays_chips,toys,lays_chips,,
gs://labeled-images1234/dataset/lays_chips/66.jpg,,hack6,lays_chips,toys,lays_chips,,
gs://labeled-images1234/dataset/lays_chips/67.jpg,,hack6,lays_chips,toys,lays_chips,,
gs://labeled-images1234/dataset/lays_chips/68.jpg,,hack6,lays_chips,toys,lays_chips,,
gs://labeled-images1234/dataset/lays_chips/69.jpg,,hack6,lays_chips,toys,lays_chips,,
gs://labeled-images1234/dataset/lays_chips/70.jpg,,hack6,lays_chips,toys,lays_chips,,
gs://labeled-images1234/dataset/lays_chips/71.jpg,,hack6,lays_chips,toys,lays_chips,,
gs://labeled-images1234/dataset/lays_chips/72.jpg,,hack6,lays_chips,toys,lays_chips,,
gs://labeled-images1234/dataset/lays_chips/73.jpg,,hack6,lays_chips,toys,lays_chips,,
gs://labeled-images1234/dataset/lays_chips/74.jpg,,hack6,lays_chips,toys,lays_chips,,
gs://labeled-images1234/dataset/Macbook/0.jpg,,hack6,Macbook,toys,Macbook,,
gs://labeled-images1234/dataset/Macbook/1.jpg,,hack6,Macbook,toys,Macbook,,
gs://labeled-images1234/dataset/Macbook/2.jpg,,hack6,Macbook,toys,Macbook,,
gs://labeled-images1234/dataset/Macbook/3.jpg,,hack6,Macbook,toys,Macbook,,
gs://labeled-images1234/dataset/Macbook/4.jpg,,hack6,Macbook,toys,Macbook,,
gs://labeled-images1234/dataset/Macbook/5.jpg,,hack6,Macbook,toys,Macbook,,
gs://labeled-images1234/dataset/Macbook/6.jpg,,hack6,Macbook,toys,Macbook,,
gs://labeled-images1234/dataset/Macbook/7.jpg,,hack6,Macbook,toys,Macbook,,
gs://labeled-images1234/dataset/Macbook/8.jpg,,hack6,Macbook,toys,Macbook,,
gs://labeled-images1234/dataset/Macbook/9.jpg,,hack6,Macbook,toys,Macbook,,
gs://labeled-images1234/dataset/Macbook/10.jpg,,hack6,Macbook,toys,Macbook,,
gs://labeled-images1234/dataset/Macbook/11.jpg,,hack6,Macbook,toys,Macbook,,
gs://labeled-images1234/dataset/Macbook/12.jpg,,hack6,Macbook,toys,Macbook,,
gs://labeled-images1234/dataset/Macbook/13.jpg,,hack6,Macbook,toys,Macbook,,
gs://labeled-images1234/dataset/Macbook/14.jpg,,hack6,Macbook,toys,Macbook,,
gs://labeled-images1234/dataset/Macbook/15.jpg,,hack6,Macbook,toys,Macbook,,
gs://labeled-images1234/dataset/Macbook/16.jpg,,hack6,Macbook,toys,Macbook,,
gs://labeled-images1234/dataset/Macbook/17.jpg,,hack6,Macbook,toys,Macbook,,
gs://labeled-images1234/dataset/Macbook/18.jpg,,hack6,Macbook,toys,Macbook,,
gs://labeled-images1234/dataset/Macbook/19.jpg,,hack6,Macbook,toys,Macbook,,
gs://labeled-images1234/dataset/Macbook/20.jpg,,hack6,Macbook,toys,Macbook,,
gs://labeled-images1234/dataset/Macbook/21.jpg,,hack6,Macbook,toys,Macbook,,
gs://labeled-images1234/dataset/Macbook/22.jpeg,,hack6,Macbook,toys,Macbook,,
gs://labeled-images1234/dataset/Macbook/23.png,,hack6,Macbook,toys,Macbook,,
gs://labeled-images1234/dataset/Macbook/24.jpg,,hack6,Macbook,toys,Macbook,,
gs://labeled-images1234/dataset/Macbook/25.jpg,,hack6,Macbook,toys,Macbook,,
gs://labeled-images1234/dataset/Macbook/26.jpg,,hack6,Macbook,toys,Macbook,,
gs://labeled-images1234/dataset/Macbook/27.jpg,,hack6,Macbook,toys,Macbook,,
gs://labeled-images1234/dataset/Macbook/28.jpg,,hack6,Macbook,toys,Macbook,,
gs://labeled-images1234/dataset/Macbook/29.jpg,,hack6,Macbook,toys,Macbook,,
gs://labeled-images1234/dataset/Macbook/30.jpg,,hack6,Macbook,toys,Macbook,,
gs://labeled-images1234/dataset/Macbook/31.jpg,,hack6,Macbook,toys,Macbook,,
gs://labeled-images1234/dataset/Macbook/32.jpg,,hack6,Macbook,toys,Macbook,,
gs://labeled-images1234/dataset/Macbook/33.jpg,,hack6,Macbook,toys,Macbook,,
gs://labeled-images1234/dataset/Macbook/34.jpg,,hack6,Macbook,toys,Macbook,,
gs://labeled-images1234/dataset/Macbook/35.jpg,,hack6,Macbook,toys,Macbook,,
gs://labeled-images1234/dataset/Macbook/36.jpg,,hack6,Macbook,toys,Macbook,,
gs://labeled-images1234/dataset/Macbook/37.jpg,,hack6,Macbook,toys,Macbook,,
gs://labeled-images1234/dataset/Macbook/38.jpg,,hack6,Macbook,toys,Macbook,,
gs://labeled-images1234/dataset/Macbook/39.jpg,,hack6,Macbook,toys,Macbook,,
gs://labeled-images1234/dataset/Macbook/40.jpg,,hack6,Macbook,toys,Macbook,,
gs://labeled-images1234/dataset/Macbook/41.jpg,,hack6,Macbook,toys,Macbook,,
gs://labeled-images1234/dataset/Macbook/42.jpg,,hack6,Macbook,toys,Macbook,,
gs://labeled-images1234/dataset/Macbook/43.jpg,,hack6,Macbook,toys,Macbook,,
gs://labeled-images1234/dataset/Macbook/44.jpg,,hack6,Macbook,toys,Macbook,,
gs://labeled-images1234/dataset/Macbook/45.jpg,,hack6,Macbook,toys,Macbook,,
gs://labeled-images1234/dataset/Macbook/46.jpg,,hack6,Macbook,toys,Macbook,,
gs://labeled-images1234/dataset/Macbook/47.jpg,,hack6,Macbook,toys,Macbook,,
gs://labeled-images1234/dataset/Macbook/48.jpg,,hack6,Macbook,toys,Macbook,,
gs://labeled-images1234/dataset/Macbook/49.jpg,,hack6,Macbook,toys,Macbook,,
gs://labeled-images1234/dataset/Macbook/50.jpg,,hack6,Macbook,toys,Macbook,,
gs://labeled-images1234/dataset/Macbook/51.png,,hack6,Macbook,toys,Macbook,,
gs://labeled-images1234/dataset/Macbook/52.jpg,,hack6,Macbook,toys,Macbook,,
gs://labeled-images1234/dataset/Macbook/53.jpg,,hack6,Macbook,toys,Macbook,,
gs://labeled-images1234/dataset/Macbook/54.png,,hack6,Macbook,toys,Macbook,,
gs://labeled-images1234/dataset/Macbook/55.jpg,,hack6,Macbook,toys,Macbook,,
gs://labeled-images1234/dataset/Macbook/56.jpg,,hack6,Macbook,toys,Macbook,,
gs://labeled-images1234/dataset/Macbook/57.jpeg,,hack6,Macbook,toys,Macbook,,
gs://labeled-images1234/dataset/Macbook/58.jpg,,hack6,Macbook,toys,Macbook,,
gs://labeled-images1234/dataset/Macbook/59.jpg,,hack6,Macbook,toys,Macbook,,
gs://labeled-images1234/dataset/Macbook/60.jpg,,hack6,Macbook,toys,Macbook,,
gs://labeled-images1234/dataset/Macbook/61.jpg,,hack6,Macbook,toys,Macbook,,
gs://labeled-images1234/dataset/Macbook/62.jpg,,hack6,Macbook,toys,Macbook,,
gs://labeled-images1234/dataset/Macbook/63.jpg,,hack6,Macbook,toys,Macbook,,
gs://labeled-images1234/dataset/Macbook/64.jpg,,hack6,Macbook,toys,Macbook,,
gs://labeled-images1234/dataset/Macbook/65.jpg,,hack6,Macbook,toys,Macbook,,
gs://labeled-images1234/dataset/Macbook/66.jpg,,hack6,Macbook,toys,Macbook,,
gs://labeled-images1234/dataset/Macbook/67.jpg,,hack6,Macbook,toys,Macbook,,
gs://labeled-images1234/dataset/Macbook/68.jpg,,hack6,Macbook,toys,Macbook,,
gs://labeled-images1234/dataset/Macbook/69.jpg,,hack6,Macbook,toys,Macbook,,
gs://labeled-images1234/dataset/Macbook/70.jpg,,hack6,Macbook,toys,Macbook,,
gs://labeled-images1234/dataset/Macbook/71.jpg,,hack6,Macbook,toys,Macbook,,
gs://labeled-images1234/dataset/Macbook/72.jpg,,hack6,Macbook,toys,Macbook,,
gs://labeled-images1234/dataset/Macbook/73.jpg,,hack6,Macbook,toys,Macbook,,
gs://labeled-images1234/dataset/Macbook/74.jpg,,hack6,Macbook,toys,Macbook,,
gs://labeled-images1234/dataset/Microsoft_T-shirt/0.png,,hack6,Microsoft_T-shirt,toys,Microsoft_T-shirt,,
gs://labeled-images1234/dataset/Microsoft_T-shirt/1.jpg,,hack6,Microsoft_T-shirt,toys,Microsoft_T-shirt,,
gs://labeled-images1234/dataset/Microsoft_T-shirt/2.jpg,,hack6,Microsoft_T-shirt,toys,Microsoft_T-shirt,,
gs://labeled-images1234/dataset/Microsoft_T-shirt/3.jpg,,hack6,Microsoft_T-shirt,toys,Microsoft_T-shirt,,
gs://labeled-images1234/dataset/Microsoft_T-shirt/4.jpg,,hack6,Microsoft_T-shirt,toys,Microsoft_T-shirt,,
gs://labeled-images1234/dataset/Microsoft_T-shirt/5.jpg,,hack6,Microsoft_T-shirt,toys,Microsoft_T-shirt,,
gs://labeled-images1234/dataset/Microsoft_T-shirt/6.jpg,,hack6,Microsoft_T-shirt,toys,Microsoft_T-shirt,,
gs://labeled-images1234/dataset/Microsoft_T-shirt/7.jpg,,hack6,Microsoft_T-shirt,toys,Microsoft_T-shirt,,
gs://labeled-images1234/dataset/Microsoft_T-shirt/8.jpg,,hack6,Microsoft_T-shirt,toys,Microsoft_T-shirt,,
gs://labeled-images1234/dataset/Microsoft_T-shirt/9.jpg,,hack6,Microsoft_T-shirt,toys,Microsoft_T-shirt,,
gs://labeled-images1234/dataset/Microsoft_T-shirt/10.jpg,,hack6,Microsoft_T-shirt,toys,Microsoft_T-shirt,,
gs://labeled-images1234/dataset/Microsoft_T-shirt/11.jpg,,hack6,Microsoft_T-shirt,toys,Microsoft_T-shirt,,
gs://labeled-images1234/dataset/Microsoft_T-shirt/12.jpg,,hack6,Microsoft_T-shirt,toys,Microsoft_T-shirt,,
gs://labeled-images1234/dataset/Microsoft_T-shirt/13.jpg,,hack6,Microsoft_T-shirt,toys,Microsoft_T-shirt,,
gs://labeled-images1234/dataset/Microsoft_T-shirt/14.jpg,,hack6,Microsoft_T-shirt,toys,Microsoft_T-shirt,,
gs://labeled-images1234/dataset/Microsoft_T-shirt/15.jpg,,hack6,Microsoft_T-shirt,toys,Microsoft_T-shirt,,
gs://labeled-images1234/dataset/Microsoft_T-shirt/16.jpg,,hack6,Microsoft_T-shirt,toys,Microsoft_T-shirt,,
gs://labeled-images1234/dataset/Microsoft_T-shirt/17.jpg,,hack6,Microsoft_T-shirt,toys,Microsoft_T-shirt,,
gs://labeled-images1234/dataset/Microsoft_T-shirt/18.jpg,,hack6,Microsoft_T-shirt,toys,Microsoft_T-shirt,,
gs://labeled-images1234/dataset/Microsoft_T-shirt/19.jpg,,hack6,Microsoft_T-shirt,toys,Microsoft_T-shirt,,
gs://labeled-images1234/dataset/Microsoft_T-shirt/20.jpg,,hack6,Microsoft_T-shirt,toys,Microsoft_T-shirt,,
gs://labeled-images1234/dataset/Microsoft_T-shirt/21.jpg,,hack6,Microsoft_T-shirt,toys,Microsoft_T-shirt,,
gs://labeled-images1234/dataset/Microsoft_T-shirt/22.jpg,,hack6,Microsoft_T-shirt,toys,Microsoft_T-shirt,,
gs://labeled-images1234/dataset/Microsoft_T-shirt/23.jpg,,hack6,Microsoft_T-shirt,toys,Microsoft_T-shirt,,
gs://labeled-images1234/dataset/Microsoft_T-shirt/24.jpg,,hack6,Microsoft_T-shirt,toys,Microsoft_T-shirt,,
gs://labeled-images1234/dataset/Microsoft_T-shirt/25.jpg,,hack6,Microsoft_T-shirt,toys,Microsoft_T-shirt,,
gs://labeled-images1234/dataset/Microsoft_T-shirt/26.jpg,,hack6,Microsoft_T-shirt,toys,Microsoft_T-shirt,,
gs://labeled-images1234/dataset/Microsoft_T-shirt/27.jpg,,hack6,Microsoft_T-shirt,toys,Microsoft_T-shirt,,
gs://labeled-images1234/dataset/Microsoft_T-shirt/28.jpg,,hack6,Microsoft_T-shirt,toys,Microsoft_T-shirt,,
gs://labeled-images1234/dataset/Microsoft_T-shirt/29.jpg,,hack6,Microsoft_T-shirt,toys,Microsoft_T-shirt,,
gs://labeled-images1234/dataset/Microsoft_T-shirt/30.jpg,,hack6,Microsoft_T-shirt,toys,Microsoft_T-shirt,,
gs://labeled-images1234/dataset/Microsoft_T-shirt/31.jpg,,hack6,Microsoft_T-shirt,toys,Microsoft_T-shirt,,
gs://labeled-images1234/dataset/Microsoft_T-shirt/32.jpg,,hack6,Microsoft_T-shirt,toys,Microsoft_T-shirt,,
gs://labeled-images1234/dataset/Microsoft_T-shirt/33.jpg,,hack6,Microsoft_T-shirt,toys,Microsoft_T-shirt,,
gs://labeled-images1234/dataset/Microsoft_T-shirt/34.jpg,,hack6,Microsoft_T-shirt,toys,Microsoft_T-shirt,,
gs://labeled-images1234/dataset/Microsoft_T-shirt/35.png,,hack6,Microsoft_T-shirt,toys,Microsoft_T-shirt,,
gs://labeled-images1234/dataset/Microsoft_T-shirt/36.jpg,,hack6,Microsoft_T-shirt,toys,Microsoft_T-shirt,,
gs://labeled-images1234/dataset/Microsoft_T-shirt/37.jpg,,hack6,Microsoft_T-shirt,toys,Microsoft_T-shirt,,
gs://labeled-images1234/dataset/Microsoft_T-shirt/38.jpg,,hack6,Microsoft_T-shirt,toys,Microsoft_T-shirt,,
gs://labeled-images1234/dataset/Microsoft_T-shirt/39.jpg,,hack6,Microsoft_T-shirt,toys,Microsoft_T-shirt,,
gs://labeled-images1234/dataset/Microsoft_T-shirt/40.jpg,,hack6,Microsoft_T-shirt,toys,Microsoft_T-shirt,,
gs://labeled-images1234/dataset/Microsoft_T-shirt/41.jpg,,hack6,Microsoft_T-shirt,toys,Microsoft_T-shirt,,
gs://labeled-images1234/dataset/Microsoft_T-shirt/42.jpg,,hack6,Microsoft_T-shirt,toys,Microsoft_T-shirt,,
gs://labeled-images1234/dataset/Microsoft_T-shirt/43.jpg,,hack6,Microsoft_T-shirt,toys,Microsoft_T-shirt,,
gs://labeled-images1234/dataset/Microsoft_T-shirt/44.jpg,,hack6,Microsoft_T-shirt,toys,Microsoft_T-shirt,,
gs://labeled-images1234/dataset/Microsoft_T-shirt/45.png,,hack6,Microsoft_T-shirt,toys,Microsoft_T-shirt,,
gs://labeled-images1234/dataset/Microsoft_T-shirt/46.jpg,,hack6,Microsoft_T-shirt,toys,Microsoft_T-shirt,,
gs://labeled-images1234/dataset/Microsoft_T-shirt/47.jpg,,hack6,Microsoft_T-shirt,toys,Microsoft_T-shirt,,
gs://labeled-images1234/dataset/Microsoft_T-shirt/48.jpg,,hack6,Microsoft_T-shirt,toys,Microsoft_T-shirt,,
gs://labeled-images1234/dataset/Microsoft_T-shirt/49.jpg,,hack6,Microsoft_T-shirt,toys,Microsoft_T-shirt,,
gs://labeled-images1234/dataset/Microsoft_T-shirt/50.jpg,,hack6,Microsoft_T-shirt,toys,Microsoft_T-shirt,,
gs://labeled-images1234/dataset/Microsoft_T-shirt/51.jpg,,hack6,Microsoft_T-shirt,toys,Microsoft_T-shirt,,
gs://labeled-images1234/dataset/Microsoft_T-shirt/52.jpg,,hack6,Microsoft_T-shirt,toys,Microsoft_T-shirt,,
gs://labeled-images1234/dataset/Microsoft_T-shirt/53.jpg,,hack6,Microsoft_T-shirt,toys,Microsoft_T-shirt,,
gs://labeled-images1234/dataset/Microsoft_T-shirt/54.png,,hack6,Microsoft_T-shirt,toys,Microsoft_T-shirt,,
gs://labeled-images1234/dataset/Microsoft_T-shirt/55.jpg,,hack6,Microsoft_T-shirt,toys,Microsoft_T-shirt,,
gs://labeled-images1234/dataset/Microsoft_T-shirt/56.png,,hack6,Microsoft_T-shirt,toys,Microsoft_T-shirt,,
gs://labeled-images1234/dataset/Microsoft_T-shirt/57.jpg,,hack6,Microsoft_T-shirt,toys,Microsoft_T-shirt,,
gs://labeled-images1234/dataset/Microsoft_T-shirt/58.jpg,,hack6,Microsoft_T-shirt,toys,Microsoft_T-shirt,,
gs://labeled-images1234/dataset/Microsoft_T-shirt/59.jpg,,hack6,Microsoft_T-shirt,toys,Microsoft_T-shirt,,
gs://labeled-images1234/dataset/Microsoft_T-shirt/60.jpg,,hack6,Microsoft_T-shirt,toys,Microsoft_T-shirt,,
gs://labeled-images1234/dataset/Microsoft_T-shirt/61.jpg,,hack6,Microsoft_T-shirt,toys,Microsoft_T-shirt,,
gs://labeled-images1234/dataset/Microsoft_T-shirt/62.jpg,,hack6,Microsoft_T-shirt,toys,Microsoft_T-shirt,,
gs://labeled-images1234/dataset/Microsoft_T-shirt/63.jpg,,hack6,Microsoft_T-shirt,toys,Microsoft_T-shirt,,
gs://labeled-images1234/dataset/Microsoft_T-shirt/64.jpg,,hack6,Microsoft_T-shirt,toys,Microsoft_T-shirt,,
gs://labeled-images1234/dataset/Microsoft_T-shirt/65.jpg,,hack6,Microsoft_T-shirt,toys,Microsoft_T-shirt,,
gs://labeled-images1234/dataset/Microsoft_T-shirt/66.jpg,,hack6,Microsoft_T-shirt,toys,Microsoft_T-shirt,,
gs://labeled-images1234/dataset/Microsoft_T-shirt/67.jpg,,hack6,Microsoft_T-shirt,toys,Microsoft_T-shirt,,
gs://labeled-images1234/dataset/Microsoft_T-shirt/68.jpg,,hack6,Microsoft_T-shirt,toys,Microsoft_T-shirt,,
gs://labeled-images1234/dataset/Microsoft_T-shirt/69.jpg,,hack6,Microsoft_T-shirt,toys,Microsoft_T-shirt,,
gs://labeled-images1234/dataset/Microsoft_T-shirt/70.jpg,,hack6,Microsoft_T-shirt,toys,Microsoft_T-shirt,,
gs://labeled-images1234/dataset/Microsoft_T-shirt/71.jpg,,hack6,Microsoft_T-shirt,toys,Microsoft_T-shirt,,
gs://labeled-images1234/dataset/Microsoft_T-shirt/72.jpg,,hack6,Microsoft_T-shirt,toys,Microsoft_T-shirt,,
gs://labeled-images1234/dataset/Microsoft_T-shirt/73.jpg,,hack6,Microsoft_T-shirt,toys,Microsoft_T-shirt,,
gs://labeled-images1234/dataset/Microsoft_T-shirt/74.jpg,,hack6,Microsoft_T-shirt,toys,Microsoft_T-shirt,,
gs://labeled-images1234/dataset/Water_Bottle/0.jpg,,hack6,Water_Bottle,toys,Water_Bottle,,
gs://labeled-images1234/dataset/Water_Bottle/1.jpg,,hack6,Water_Bottle,toys,Water_Bottle,,
gs://labeled-images1234/dataset/Water_Bottle/2.jpg,,hack6,Water_Bottle,toys,Water_Bottle,,
gs://labeled-images1234/dataset/Water_Bottle/3.jpg,,hack6,Water_Bottle,toys,Water_Bottle,,
gs://labeled-images1234/dataset/Water_Bottle/4.png,,hack6,Water_Bottle,toys,Water_Bottle,,
gs://labeled-images1234/dataset/Water_Bottle/5.jpg,,hack6,Water_Bottle,toys,Water_Bottle,,
gs://labeled-images1234/dataset/Water_Bottle/6.jpg,,hack6,Water_Bottle,toys,Water_Bottle,,
gs://labeled-images1234/dataset/Water_Bottle/7.jpg,,hack6,Water_Bottle,toys,Water_Bottle,,
gs://labeled-images1234/dataset/Water_Bottle/8.jpg,,hack6,Water_Bottle,toys,Water_Bottle,,
gs://labeled-images1234/dataset/Water_Bottle/9.jpg,,hack6,Water_Bottle,toys,Water_Bottle,,
gs://labeled-images1234/dataset/Water_Bottle/10.jpg,,hack6,Water_Bottle,toys,Water_Bottle,,
gs://labeled-images1234/dataset/Water_Bottle/11.png,,hack6,Water_Bottle,toys,Water_Bottle,,
gs://labeled-images1234/dataset/Water_Bottle/12.jpg,,hack6,Water_Bottle,toys,Water_Bottle,,
gs://labeled-images1234/dataset/Water_Bottle/13.jpg,,hack6,Water_Bottle,toys,Water_Bottle,,
gs://labeled-images1234/dataset/Water_Bottle/14.jpg,,hack6,Water_Bottle,toys,Water_Bottle,,
gs://labeled-images1234/dataset/Water_Bottle/15.jpg,,hack6,Water_Bottle,toys,Water_Bottle,,
gs://labeled-images1234/dataset/Water_Bottle/16.jpg,,hack6,Water_Bottle,toys,Water_Bottle,,
gs://labeled-images1234/dataset/Water_Bottle/17.jpg,,hack6,Water_Bottle,toys,Water_Bottle,,
gs://labeled-images1234/dataset/Water_Bottle/18.jpg,,hack6,Water_Bottle,toys,Water_Bottle,,
gs://labeled-images1234/dataset/Water_Bottle/19.jpg,,hack6,Water_Bottle,toys,Water_Bottle,,
gs://labeled-images1234/dataset/Water_Bottle/20.png,,hack6,Water_Bottle,toys,Water_Bottle,,
gs://labeled-images1234/dataset/Water_Bottle/21.jpg,,hack6,Water_Bottle,toys,Water_Bottle,,
gs://labeled-images1234/dataset/Water_Bottle/22.jpg,,hack6,Water_Bottle,toys,Water_Bottle,,
gs://labeled-images1234/dataset/Water_Bottle/23.jpg,,hack6,Water_Bottle,toys,Water_Bottle,,
gs://labeled-images1234/dataset/Water_Bottle/24.png,,hack6,Water_Bottle,toys,Water_Bottle,,
gs://labeled-images1234/dataset/Water_Bottle/25.jpg,,hack6,Water_Bottle,toys,Water_Bottle,,
gs://labeled-images1234/dataset/Water_Bottle/26.jpg,,hack6,Water_Bottle,toys,Water_Bottle,,
gs://labeled-images1234/dataset/Water_Bottle/27.jpg,,hack6,Water_Bottle,toys,Water_Bottle,,
gs://labeled-images1234/dataset/Water_Bottle/28.jpg,,hack6,Water_Bottle,toys,Water_Bottle,,
gs://labeled-images1234/dataset/Water_Bottle/29.jpg,,hack6,Water_Bottle,toys,Water_Bottle,,
gs://labeled-images1234/dataset/Water_Bottle/30.jpg,,hack6,Water_Bottle,toys,Water_Bottle,,
gs://labeled-images1234/dataset/Water_Bottle/31.jpeg,,hack6,Water_Bottle,toys,Water_Bottle,,
gs://labeled-images1234/dataset/Water_Bottle/32.jpg,,hack6,Water_Bottle,toys,Water_Bottle,,
gs://labeled-images1234/dataset/Water_Bottle/33.jpg,,hack6,Water_Bottle,toys,Water_Bottle,,
gs://labeled-images1234/dataset/Water_Bottle/34.jpg,,hack6,Water_Bottle,toys,Water_Bottle,,
gs://labeled-images1234/dataset/Water_Bottle/35.jpg,,hack6,Water_Bottle,toys,Water_Bottle,,
gs://labeled-images1234/dataset/Water_Bottle/36.jpg,,hack6,Water_Bottle,toys,Water_Bottle,,
gs://labeled-images1234/dataset/Water_Bottle/37.jpg,,hack6,Water_Bottle,toys,Water_Bottle,,
gs://labeled-images1234/dataset/Water_Bottle/38.jpg,,hack6,Water_Bottle,toys,Water_Bottle,,
gs://labeled-images1234/dataset/Water_Bottle/39.jpg,,hack6,Water_Bottle,toys,Water_Bottle,,
gs://labeled-images1234/dataset/Water_Bottle/40.jpg,,hack6,Water_Bottle,toys,Water_Bottle,,
gs://labeled-images1234/dataset/Water_Bottle/41.jpg,,hack6,Water_Bottle,toys,Water_Bottle,,
gs://labeled-images1234/dataset/Water_Bottle/42.jpg,,hack6,Water_Bottle,toys,Water_Bottle,,
gs://labeled-images1234/dataset/Water_Bottle/43.jpg,,hack6,Water_Bottle,toys,Water_Bottle,,
gs://labeled-images1234/dataset/Water_Bottle/44.jpg,,hack6,Water_Bottle,toys,Water_Bottle,,
gs://labeled-images1234/dataset/Water_Bottle/45.png,,hack6,Water_Bottle,toys,Water_Bottle,,
gs://labeled-images1234/dataset/Water_Bottle/46.gif,,hack6,Water_Bottle,toys,Water_Bottle,,
gs://labeled-images1234/dataset/Water_Bottle/47.jpeg,,hack6,Water_Bottle,toys,Water_Bottle,,
gs://labeled-images1234/dataset/Water_Bottle/48.jpg,,hack6,Water_Bottle,toys,Water_Bottle,,
gs://labeled-images1234/dataset/Water_Bottle/49.jpg,,hack6,Water_Bottle,toys,Water_Bottle,,
gs://labeled-images1234/dataset/Water_Bottle/50.jpg,,hack6,Water_Bottle,toys,Water_Bottle,,
gs://labeled-images1234/dataset/Water_Bottle/51.jpg,,hack6,Water_Bottle,toys,Water_Bottle,,
gs://labeled-images1234/dataset/Water_Bottle/52.jpg,,hack6,Water_Bottle,toys,Water_Bottle,,
gs://labeled-images1234/dataset/Water_Bottle/53.jpg,,hack6,Water_Bottle,toys,Water_Bottle,,
gs://labeled-images1234/dataset/Water_Bottle/54.png,,hack6,Water_Bottle,toys,Water_Bottle,,
gs://labeled-images1234/dataset/Water_Bottle/55.png,,hack6,Water_Bottle,toys,Water_Bottle,,
gs://labeled-images1234/dataset/Water_Bottle/56.jpg,,hack6,Water_Bottle,toys,Water_Bottle,,
gs://labeled-images1234/dataset/Water_Bottle/57.jpg,,hack6,Water_Bottle,toys,Water_Bottle,,
gs://labeled-images1234/dataset/Water_Bottle/58.jpg,,hack6,Water_Bottle,toys,Water_Bottle,,
gs://labeled-images1234/dataset/Water_Bottle/59.jpg,,hack6,Water_Bottle,toys,Water_Bottle,,
gs://labeled-images1234/dataset/Water_Bottle/60.jpg,,hack6,Water_Bottle,toys,Water_Bottle,,
gs://labeled-images1234/dataset/Water_Bottle/61.jpg,,hack6,Water_Bottle,toys,Water_Bottle,,
gs://labeled-images1234/dataset/Water_Bottle/62.jpg,,hack6,Water_Bottle,toys,Water_Bottle,,
gs://labeled-images1234/dataset/Water_Bottle/63.jpg,,hack6,Water_Bottle,toys,Water_Bottle,,
gs://labeled-images1234/dataset/Water_Bottle/64.jpg,,hack6,Water_Bottle,toys,Water_Bottle,,
gs://labeled-images1234/dataset/Water_Bottle/65.png,,hack6,Water_Bottle,toys,Water_Bottle,,
gs://labeled-images1234/dataset/Water_Bottle/66.jpg,,hack6,Water_Bottle,toys,Water_Bottle,,
gs://labeled-images1234/dataset/Water_Bottle/67.jpg,,hack6,Water_Bottle,toys,Water_Bottle,,
gs://labeled-images1234/dataset/Water_Bottle/68.jpg,,hack6,Water_Bottle,toys,Water_Bottle,,
gs://labeled-images1234/dataset/Water_Bottle/69.jpg,,hack6,Water_Bottle,toys,Water_Bottle,,
gs://labeled-images1234/dataset/Water_Bottle/70.jpg,,hack6,Water_Bottle,toys,Water_Bottle,,
gs://labeled-images1234/dataset/Water_Bottle/71.jpg,,hack6,Water_Bottle,toys,Water_Bottle,,
gs://labeled-images1234/dataset/Water_Bottle/72.png,,hack6,Water_Bottle,toys,Water_Bottle,,
gs://labeled-images1234/dataset/Water_Bottle/73.jpg,,hack6,Water_Bottle,toys,Water_Bottle,,
gs://labeled-images1234/dataset/Water_Bottle/74.jpg,,hack6,Water_Bottle,toys,Water_Bottle,,
gs://labeled-images1234/dataset/Welchs_Fruit_Snacks/0.jpg,,hack6,Welchs_Fruit_Snacks,toys,Welchs_Fruit_Snacks,,
gs://labeled-images1234/dataset/Welchs_Fruit_Snacks/1.jpeg,,hack6,Welchs_Fruit_Snacks,toys,Welchs_Fruit_Snacks,,
gs://labeled-images1234/dataset/Welchs_Fruit_Snacks/2.jpeg,,hack6,Welchs_Fruit_Snacks,toys,Welchs_Fruit_Snacks,,
gs://labeled-images1234/dataset/Welchs_Fruit_Snacks/3.jpg,,hack6,Welchs_Fruit_Snacks,toys,Welchs_Fruit_Snacks,,
gs://labeled-images1234/dataset/Welchs_Fruit_Snacks/4.jpg,,hack6,Welchs_Fruit_Snacks,toys,Welchs_Fruit_Snacks,,
gs://labeled-images1234/dataset/Welchs_Fruit_Snacks/5.jpg,,hack6,Welchs_Fruit_Snacks,toys,Welchs_Fruit_Snacks,,
gs://labeled-images1234/dataset/Welchs_Fruit_Snacks/6.jpg,,hack6,Welchs_Fruit_Snacks,toys,Welchs_Fruit_Snacks,,
gs://labeled-images1234/dataset/Welchs_Fruit_Snacks/7.jpg,,hack6,Welchs_Fruit_Snacks,toys,Welchs_Fruit_Snacks,,
gs://labeled-images1234/dataset/Welchs_Fruit_Snacks/8.jpg,,hack6,Welchs_Fruit_Snacks,toys,Welchs_Fruit_Snacks,,
gs://labeled-images1234/dataset/Welchs_Fruit_Snacks/9.png,,hack6,Welchs_Fruit_Snacks,toys,Welchs_Fruit_Snacks,,
gs://labeled-images1234/dataset/Welchs_Fruit_Snacks/10.jpg,,hack6,Welchs_Fruit_Snacks,toys,Welchs_Fruit_Snacks,,
gs://labeled-images1234/dataset/Welchs_Fruit_Snacks/11.jpg,,hack6,Welchs_Fruit_Snacks,toys,Welchs_Fruit_Snacks,,
gs://labeled-images1234/dataset/Welchs_Fruit_Snacks/12.png,,hack6,Welchs_Fruit_Snacks,toys,Welchs_Fruit_Snacks,,
gs://labeled-images1234/dataset/Welchs_Fruit_Snacks/13.jpg,,hack6,Welchs_Fruit_Snacks,toys,Welchs_Fruit_Snacks,,
gs://labeled-images1234/dataset/Welchs_Fruit_Snacks/14.jpg,,hack6,Welchs_Fruit_Snacks,toys,Welchs_Fruit_Snacks,,
gs://labeled-images1234/dataset/Welchs_Fruit_Snacks/15.jpg,,hack6,Welchs_Fruit_Snacks,toys,Welchs_Fruit_Snacks,,
gs://labeled-images1234/dataset/Welchs_Fruit_Snacks/16.jpg,,hack6,Welchs_Fruit_Snacks,toys,Welchs_Fruit_Snacks,,
gs://labeled-images1234/dataset/Welchs_Fruit_Snacks/17.jpg,,hack6,Welchs_Fruit_Snacks,toys,Welchs_Fruit_Snacks,,
gs://labeled-images1234/dataset/Welchs_Fruit_Snacks/18.jpg,,hack6,Welchs_Fruit_Snacks,toys,Welchs_Fruit_Snacks,,
gs://labeled-images1234/dataset/Welchs_Fruit_Snacks/19.png,,hack6,Welchs_Fruit_Snacks,toys,Welchs_Fruit_Snacks,,
gs://labeled-images1234/dataset/Welchs_Fruit_Snacks/20.jpg,,hack6,Welchs_Fruit_Snacks,toys,Welchs_Fruit_Snacks,,
gs://labeled-images1234/dataset/Welchs_Fruit_Snacks/21.jpeg,,hack6,Welchs_Fruit_Snacks,toys,Welchs_Fruit_Snacks,,
gs://labeled-images1234/dataset/Welchs_Fruit_Snacks/22.jpg,,hack6,Welchs_Fruit_Snacks,toys,Welchs_Fruit_Snacks,,
gs://labeled-images1234/dataset/Welchs_Fruit_Snacks/23.jpg,,hack6,Welchs_Fruit_Snacks,toys,Welchs_Fruit_Snacks,,
gs://labeled-images1234/dataset/Welchs_Fruit_Snacks/24.png,,hack6,Welchs_Fruit_Snacks,toys,Welchs_Fruit_Snacks,,
gs://labeled-images1234/dataset/Welchs_Fruit_Snacks/25.jpg,,hack6,Welchs_Fruit_Snacks,toys,Welchs_Fruit_Snacks,,
gs://labeled-images1234/dataset/Welchs_Fruit_Snacks/26.png,,hack6,Welchs_Fruit_Snacks,toys,Welchs_Fruit_Snacks,,
gs://labeled-images1234/dataset/Welchs_Fruit_Snacks/27.jpg,,hack6,Welchs_Fruit_Snacks,toys,Welchs_Fruit_Snacks,,
gs://labeled-images1234/dataset/Welchs_Fruit_Snacks/28.png,,hack6,Welchs_Fruit_Snacks,toys,Welchs_Fruit_Snacks,,
gs://labeled-images1234/dataset/Welchs_Fruit_Snacks/29.jpg,,hack6,Welchs_Fruit_Snacks,toys,Welchs_Fruit_Snacks,,
gs://labeled-images1234/dataset/Welchs_Fruit_Snacks/30.jpg,,hack6,Welchs_Fruit_Snacks,toys,Welchs_Fruit_Snacks,,
gs://labeled-images1234/dataset/Welchs_Fruit_Snacks/31.jpeg,,hack6,Welchs_Fruit_Snacks,toys,Welchs_Fruit_Snacks,,
gs://labeled-images1234/dataset/Welchs_Fruit_Snacks/32.jpeg,,hack6,Welchs_Fruit_Snacks,toys,Welchs_Fruit_Snacks,,
gs://labeled-images1234/dataset/Welchs_Fruit_Snacks/33.jpg,,hack6,Welchs_Fruit_Snacks,toys,Welchs_Fruit_Snacks,,
gs://labeled-images1234/dataset/Welchs_Fruit_Snacks/34.png,,hack6,Welchs_Fruit_Snacks,toys,Welchs_Fruit_Snacks,,
gs://labeled-images1234/dataset/Welchs_Fruit_Snacks/35.jpg,,hack6,Welchs_Fruit_Snacks,toys,Welchs_Fruit_Snacks,,
gs://labeled-images1234/dataset/Welchs_Fruit_Snacks/36.jpg,,hack6,Welchs_Fruit_Snacks,toys,Welchs_Fruit_Snacks,,
gs://labeled-images1234/dataset/Welchs_Fruit_Snacks/37.jpg,,hack6,Welchs_Fruit_Snacks,toys,Welchs_Fruit_Snacks,,
gs://labeled-images1234/dataset/Welchs_Fruit_Snacks/38.jpg,,hack6,Welchs_Fruit_Snacks,toys,Welchs_Fruit_Snacks,,
gs://labeled-images1234/dataset/Welchs_Fruit_Snacks/39.png,,hack6,Welchs_Fruit_Snacks,toys,Welchs_Fruit_Snacks,,
gs://labeled-images1234/dataset/Welchs_Fruit_Snacks/40.png,,hack6,Welchs_Fruit_Snacks,toys,Welchs_Fruit_Snacks,,
gs://labeled-images1234/dataset/Welchs_Fruit_Snacks/41.jpg,,hack6,Welchs_Fruit_Snacks,toys,Welchs_Fruit_Snacks,,
gs://labeled-images1234/dataset/Welchs_Fruit_Snacks/42.png,,hack6,Welchs_Fruit_Snacks,toys,Welchs_Fruit_Snacks,,
gs://labeled-images1234/dataset/Welchs_Fruit_Snacks/43.jpg,,hack6,Welchs_Fruit_Snacks,toys,Welchs_Fruit_Snacks,,
gs://labeled-images1234/dataset/Welchs_Fruit_Snacks/44.jpg,,hack6,Welchs_Fruit_Snacks,toys,Welchs_Fruit_Snacks,,
gs://labeled-images1234/dataset/Welchs_Fruit_Snacks/45.png,,hack6,Welchs_Fruit_Snacks,toys,Welchs_Fruit_Snacks,,
gs://labeled-images1234/dataset/Welchs_Fruit_Snacks/46.jpg,,hack6,Welchs_Fruit_Snacks,toys,Welchs_Fruit_Snacks,,
gs://labeled-images1234/dataset/Welchs_Fruit_Snacks/47.jpg,,hack6,Welchs_Fruit_Snacks,toys,Welchs_Fruit_Snacks,,
gs://labeled-images1234/dataset/Welchs_Fruit_Snacks/48.jpg,,hack6,Welchs_Fruit_Snacks,toys,Welchs_Fruit_Snacks,,
gs://labeled-images1234/dataset/Welchs_Fruit_Snacks/49.png,,hack6,Welchs_Fruit_Snacks,toys,Welchs_Fruit_Snacks,,
gs://labeled-images1234/dataset/Welchs_Fruit_Snacks/50.jpg,,hack6,Welchs_Fruit_Snacks,toys,Welchs_Fruit_Snacks,,
gs://labeled-images1234/dataset/Welchs_Fruit_Snacks/51.png,,hack6,Welchs_Fruit_Snacks,toys,Welchs_Fruit_Snacks,,
gs://labeled-images1234/dataset/Welchs_Fruit_Snacks/52.png,,hack6,Welchs_Fruit_Snacks,toys,Welchs_Fruit_Snacks,,
gs://labeled-images1234/dataset/Welchs_Fruit_Snacks/53.jpg,,hack6,Welchs_Fruit_Snacks,toys,Welchs_Fruit_Snacks,,
gs://labeled-images1234/dataset/Welchs_Fruit_Snacks/54.jpg,,hack6,Welchs_Fruit_Snacks,toys,Welchs_Fruit_Snacks,,
gs://labeled-images1234/dataset/Welchs_Fruit_Snacks/55.jpg,,hack6,Welchs_Fruit_Snacks,toys,Welchs_Fruit_Snacks,,
gs://labeled-images1234/dataset/Welchs_Fruit_Snacks/56.jpg,,hack6,Welchs_Fruit_Snacks,toys,Welchs_Fruit_Snacks,,
gs://labeled-images1234/dataset/Welchs_Fruit_Snacks/57.jpg,,hack6,Welchs_Fruit_Snacks,toys,Welchs_Fruit_Snacks,,
gs://labeled-images1234/dataset/Welchs_Fruit_Snacks/58.jpg,,hack6,Welchs_Fruit_Snacks,toys,Welchs_Fruit_Snacks,,
gs://labeled-images1234/dataset/Welchs_Fruit_Snacks/59.jpg,,hack6,Welchs_Fruit_Snacks,toys,Welchs_Fruit_Snacks,,
gs://labeled-images1234/dataset/Welchs_Fruit_Snacks/60.jpg,,hack6,Welchs_Fruit_Snacks,toys,Welchs_Fruit_Snacks,,
gs://labeled-images1234/dataset/Welchs_Fruit_Snacks/61.jpg,,hack6,Welchs_Fruit_Snacks,toys,Welchs_Fruit_Snacks,,
gs://labeled-images1234/dataset/Welchs_Fruit_Snacks/62.jpg,,hack6,Welchs_Fruit_Snacks,toys,Welchs_Fruit_Snacks,,
gs://labeled-images1234/dataset/Welchs_Fruit_Snacks/63.jpg,,hack6,Welchs_Fruit_Snacks,toys,Welchs_Fruit_Snacks,,
gs://labeled-images1234/dataset/Welchs_Fruit_Snacks/64.jpg,,hack6,Welchs_Fruit_Snacks,toys,Welchs_Fruit_Snacks,,
gs://labeled-images1234/dataset/Welchs_Fruit_Snacks/65.jpg,,hack6,Welchs_Fruit_Snacks,toys,Welchs_Fruit_Snacks,,
gs://labeled-images1234/dataset/Welchs_Fruit_Snacks/66.jpg,,hack6,Welchs_Fruit_Snacks,toys,Welchs_Fruit_Snacks,,
gs://labeled-images1234/dataset/Welchs_Fruit_Snacks/67.jpg,,hack6,Welchs_Fruit_Snacks,toys,Welchs_Fruit_Snacks,,
gs://labeled-images1234/dataset/Welchs_Fruit_Snacks/68.jpg,,hack6,Welchs_Fruit_Snacks,toys,Welchs_Fruit_Snacks,,
gs://labeled-images1234/dataset/Welchs_Fruit_Snacks/69.jpg,,hack6,Welchs_Fruit_Snacks,toys,Welchs_Fruit_Snacks,,
gs://labeled-images1234/dataset/Welchs_Fruit_Snacks/70.jpg,,hack6,Welchs_Fruit_Snacks,toys,Welchs_Fruit_Snacks,,
gs://labeled-images1234/dataset/Welchs_Fruit_Snacks/71.jpg,,hack6,Welchs_Fruit_Snacks,toys,Welchs_Fruit_Snacks,,
gs://labeled-images1234/dataset/Welchs_Fruit_Snacks/72.jpg,,hack6,Welchs_Fruit_Snacks,toys,Welchs_Fruit_Snacks,,
gs://labeled-images1234/dataset/Welchs_Fruit_Snacks/73.jpg,,hack6,Welchs_Fruit_Snacks,toys,Welchs_Fruit_Snacks,,
gs://labeled-images1234/dataset/Welchs_Fruit_Snacks/74.jpg,,hack6,Welchs_Fruit_Snacks,toys,Welchs_Fruit_Snacks,,
gs://labeled-images1234/dataset/Yeezys/0.jpg,,hack6,Yeezys,toys,Yeezys,,
gs://labeled-images1234/dataset/Yeezys/1.png,,hack6,Yeezys,toys,Yeezys,,
gs://labeled-images1234/dataset/Yeezys/2.jpg,,hack6,Yeezys,toys,Yeezys,,
gs://labeled-images1234/dataset/Yeezys/3.jpg,,hack6,Yeezys,toys,Yeezys,,
gs://labeled-images1234/dataset/Yeezys/4.jpg,,hack6,Yeezys,toys,Yeezys,,
gs://labeled-images1234/dataset/Yeezys/5.jpg,,hack6,Yeezys,toys,Yeezys,,
gs://labeled-images1234/dataset/Yeezys/6.png,,hack6,Yeezys,toys,Yeezys,,
gs://labeled-images1234/dataset/Yeezys/7.jpg,,hack6,Yeezys,toys,Yeezys,,
gs://labeled-images1234/dataset/Yeezys/8.jpg,,hack6,Yeezys,toys,Yeezys,,
gs://labeled-images1234/dataset/Yeezys/9.jpg,,hack6,Yeezys,toys,Yeezys,,
gs://labeled-images1234/dataset/Yeezys/10.jpg,,hack6,Yeezys,toys,Yeezys,,
gs://labeled-images1234/dataset/Yeezys/11.png,,hack6,Yeezys,toys,Yeezys,,
gs://labeled-images1234/dataset/Yeezys/12.jpg,,hack6,Yeezys,toys,Yeezys,,
gs://labeled-images1234/dataset/Yeezys/13.jpg,,hack6,Yeezys,toys,Yeezys,,
gs://labeled-images1234/dataset/Yeezys/14.jpg,,hack6,Yeezys,toys,Yeezys,,
gs://labeled-images1234/dataset/Yeezys/15.jpg,,hack6,Yeezys,toys,Yeezys,,
gs://labeled-images1234/dataset/Yeezys/16.jpg,,hack6,Yeezys,toys,Yeezys,,
gs://labeled-images1234/dataset/Yeezys/17.jpg,,hack6,Yeezys,toys,Yeezys,,
gs://labeled-images1234/dataset/Yeezys/18.jpg,,hack6,Yeezys,toys,Yeezys,,
gs://labeled-images1234/dataset/Yeezys/19.jpg,,hack6,Yeezys,toys,Yeezys,,
gs://labeled-images1234/dataset/Yeezys/20.jpg,,hack6,Yeezys,toys,Yeezys,,
gs://labeled-images1234/dataset/Yeezys/21.jpg,,hack6,Yeezys,toys,Yeezys,,
gs://labeled-images1234/dataset/Yeezys/22.png,,hack6,Yeezys,toys,Yeezys,,
gs://labeled-images1234/dataset/Yeezys/23.jpg,,hack6,Yeezys,toys,Yeezys,,
gs://labeled-images1234/dataset/Yeezys/24.gif,,hack6,Yeezys,toys,Yeezys,,
gs://labeled-images1234/dataset/Yeezys/25.jpg,,hack6,Yeezys,toys,Yeezys,,
gs://labeled-images1234/dataset/Yeezys/26.jpg,,hack6,Yeezys,toys,Yeezys,,
gs://labeled-images1234/dataset/Yeezys/27.jpg,,hack6,Yeezys,toys,Yeezys,,
gs://labeled-images1234/dataset/Yeezys/28.jpg,,hack6,Yeezys,toys,Yeezys,,
gs://labeled-images1234/dataset/Yeezys/29.png,,hack6,Yeezys,toys,Yeezys,,
gs://labeled-images1234/dataset/Yeezys/30.jpg,,hack6,Yeezys,toys,Yeezys,,
gs://labeled-images1234/dataset/Yeezys/31.jpg,,hack6,Yeezys,toys,Yeezys,,
gs://labeled-images1234/dataset/Yeezys/32.jpg,,hack6,Yeezys,toys,Yeezys,,
gs://labeled-images1234/dataset/Yeezys/33.jpg,,hack6,Yeezys,toys,Yeezys,,
gs://labeled-images1234/dataset/Yeezys/34.png,,hack6,Yeezys,toys,Yeezys,,
gs://labeled-images1234/dataset/Yeezys/35.jpg,,hack6,Yeezys,toys,Yeezys,,
gs://labeled-images1234/dataset/Yeezys/36.jpg,,hack6,Yeezys,toys,Yeezys,,
gs://labeled-images1234/dataset/Yeezys/37.jpg,,hack6,Yeezys,toys,Yeezys,,
gs://labeled-images1234/dataset/Yeezys/38.jpg,,hack6,Yeezys,toys,Yeezys,,
gs://labeled-images1234/dataset/Yeezys/39.jpg,,hack6,Yeezys,toys,Yeezys,,
gs://labeled-images1234/dataset/Yeezys/40.jpg,,hack6,Yeezys,toys,Yeezys,,
gs://labeled-images1234/dataset/Yeezys/41.jpg,,hack6,Yeezys,toys,Yeezys,,
gs://labeled-images1234/dataset/Yeezys/42.png,,hack6,Yeezys,toys,Yeezys,,
gs://labeled-images1234/dataset/Yeezys/43.png,,hack6,Yeezys,toys,Yeezys,,
gs://labeled-images1234/dataset/Yeezys/44.jpg,,hack6,Yeezys,toys,Yeezys,,
gs://labeled-images1234/dataset/Yeezys/45.png,,hack6,Yeezys,toys,Yeezys,,
gs://labeled-images1234/dataset/Yeezys/46.png,,hack6,Yeezys,toys,Yeezys,,
gs://labeled-images1234/dataset/Yeezys/47.jpg,,hack6,Yeezys,toys,Yeezys,,
gs://labeled-images1234/dataset/Yeezys/48.jpg,,hack6,Yeezys,toys,Yeezys,,
gs://labeled-images1234/dataset/Yeezys/49.jpg,,hack6,Yeezys,toys,Yeezys,,
gs://labeled-images1234/dataset/Yeezys/50.jpg,,hack6,Yeezys,toys,Yeezys,,
gs://labeled-images1234/dataset/Yeezys/51.jpg,,hack6,Yeezys,toys,Yeezys,,
gs://labeled-images1234/dataset/Yeezys/52.jpg,,hack6,Yeezys,toys,Yeezys,,
gs://labeled-images1234/dataset/Yeezys/53.jpg,,hack6,Yeezys,toys,Yeezys,,
gs://labeled-images1234/dataset/Yeezys/54.jpg,,hack6,Yeezys,toys,Yeezys,,
gs://labeled-images1234/dataset/Yeezys/55.jpg,,hack6,Yeezys,toys,Yeezys,,
gs://labeled-images1234/dataset/Yeezys/56.jpg,,hack6,Yeezys,toys,Yeezys,,
gs://labeled-images1234/dataset/Yeezys/57.jpg,,hack6,Yeezys,toys,Yeezys,,
gs://labeled-images1234/dataset/Yeezys/58.jpg,,hack6,Yeezys,toys,Yeezys,,
gs://labeled-images1234/dataset/Yeezys/59.jpg,,hack6,Yeezys,toys,Yeezys,,
gs://labeled-images1234/dataset/Yeezys/60.png,,hack6,Yeezys,toys,Yeezys,,
gs://labeled-images1234/dataset/Yeezys/61.jpg,,hack6,Yeezys,toys,Yeezys,,
gs://labeled-images1234/dataset/Yeezys/62.png,,hack6,Yeezys,toys,Yeezys,,
gs://labeled-images1234/dataset/Yeezys/63.jpg,,hack6,Yeezys,toys,Yeezys,,
gs://labeled-images1234/dataset/Yeezys/64.gif,,hack6,Yeezys,toys,Yeezys,,
gs://labeled-images1234/dataset/Yeezys/65.jpg,,hack6,Yeezys,toys,Yeezys,,
gs://labeled-images1234/dataset/Yeezys/66.jpg,,hack6,Yeezys,toys,Yeezys,,
gs://labeled-images1234/dataset/Yeezys/67.jpg,,hack6,Yeezys,toys,Yeezys,,
gs://labeled-images1234/dataset/Yeezys/68.jpg,,hack6,Yeezys,toys,Yeezys,,
gs://labeled-images1234/dataset/Yeezys/69.jpg,,hack6,Yeezys,toys,Yeezys,,
gs://labeled-images1234/dataset/Yeezys/70.jpg,,hack6,Yeezys,toys,Yeezys,,
gs://labeled-images1234/dataset/Yeezys/71.png,,hack6,Yeezys,toys,Yeezys,,
gs://labeled-images1234/dataset/Yeezys/72.jpg,,hack6,Yeezys,toys,Yeezys,,
gs://labeled-images1234/dataset/Yeezys/73.jpg,,hack6,Yeezys,toys,Yeezys,,
gs://labeled-images1234/dataset/Yeezys/74.jpg,,hack6,Yeezys,toys,Yeezys,,